Age,CustomerSegment,Age_Group,CustomerID,Region,Gender,City,SignUpDate,Year_SignUpDate,Month_SignUpDate,MonthName_SignupDate
29,Standard,Early Adults,CSTMR0001,MARMARA,MALE,ISTANBUL,2020/04/13,2020,4,April
40,Standard,Middle Adults,CSTMR0002,MARMARA,OTHER,ISTANBUL,2020/08/04,2020,8,August
36,Premium,Middle Adults,CSTMR0003,MARMARA,FEMALE,BURSA,2022/08/14,2022,8,August
18,Premium,Young Adults,CSTMR0004,MARMARA,MALE,ISTANBUL,2022/03/26,2022,3,March
43,Premium,Middle Adults,CSTMR0005,AEGEAN,MALE,IZMIR,2021/04/04,2021,4,April
49,Standard,Late Adults,CSTMR0006,MARMARA,OTHER,ISTANBUL,2020/07/02,2020,7,July
36,Premium,Middle Adults,CSTMR0007,MARMARA,MALE,BURSA,2020/10/10,2020,10,October
48,Standard,Late Adults,CSTMR0008,MARMARA,FEMALE,ISTANBUL,2022/03/26,2022,3,March
25,Premium,Young Adults,CSTMR0009,MEDITERRANEAN,FEMALE,ANTALYA,2021/04/21,2021,4,April
43,Standard,Middle Adults,CSTMR0010,CENTRAL ANATOLIA,MALE,ANKARA,2022/11/26,2022,11,November
32,Standard,Early Adults,CSTMR0011,MARMARA,FEMALE,BURSA,2023/03/30,2023,3,March
47,Standard,Late Adults,CSTMR0012,AEGEAN,MALE,IZMIR,2021/07/19,2021,7,July
40,Standard,Middle Adults,CSTMR0013,BLACK SEA,FEMALE,TRABZON,2022/08/19,2022,8,August
28,Premium,Early Adults,CSTMR0014,MARMARA,MALE,ISTANBUL,2023/01/02,2023,1,January
21,Standard,Young Adults,CSTMR0015,CENTRAL ANATOLIA,MALE,ANKARA,2022/07/09,2022,7,July
26,Premium,Early Adults,CSTMR0016,MARMARA,MALE,ISTANBUL,2020/02/05,2020,2,February
49,Standard,Late Adults,CSTMR0017,CENTRAL ANATOLIA,FEMALE,ESKISEHIR,2021/04/15,2021,4,April
45,Standard,Middle Adults,CSTMR0018,MARMARA,FEMALE,BURSA,2022/05/03,2022,5,May
33,Standard,Early Adults,CSTMR0019,MARMARA,MALE,ISTANBUL,2022/12/13,2022,12,December
45,Standard,Middle Adults,CSTMR0020,CENTRAL ANATOLIA,OTHER,ANKARA,2022/09/30,2022,9,September
33,Premium,Early Adults,CSTMR0021,MARMARA,MALE,BURSA,2022/05/16,2022,5,May
43,Standard,Middle Adults,CSTMR0022,MEDITERRANEAN,MALE,ADANA,2021/09/27,2021,9,September
22,Standard,Young Adults,CSTMR0023,CENTRAL ANATOLIA,FEMALE,ANKARA,2022/01/10,2022,1,January
18,VIP,Young Adults,CSTMR0024,MARMARA,FEMALE,BURSA,2022/10/09,2022,10,October
19,Premium,Young Adults,CSTMR0025,MARMARA,MALE,ISTANBUL,2021/05/02,2021,5,May
33,Premium,Early Adults,CSTMR0026,MARMARA,MALE,KOCAELI,2021/12/04,2021,12,December
19,Standard,Young Adults,CSTMR0027,MARMARA,FEMALE,BURSA,2022/09/23,2022,9,September
32,Premium,Early Adults,CSTMR0028,MARMARA,FEMALE,ISTANBUL,2022/12/06,2022,12,December
35,Standard,Early Adults,CSTMR0029,MARMARA,MALE,ISTANBUL,2021/03/07,2021,3,March
60,Premium,Late Adults,CSTMR0030,MARMARA,FEMALE,BURSA,2020/12/22,2020,12,December
32,Standard,Early Adults,CSTMR0031,MARMARA,MALE,BURSA,2022/01/31,2022,1,January
39,VIP,Middle Adults,CSTMR0032,MARMARA,MALE,KOCAELI,2021/05/30,2021,5,May
52,Premium,Late Adults,CSTMR0033,AEGEAN,FEMALE,IZMIR,2021/01/14,2021,1,January
44,Standard,Middle Adults,CSTMR0034,CENTRAL ANATOLIA,MALE,ANKARA,2023/04/06,2023,4,April
32,Premium,Early Adults,CSTMR0035,MARMARA,FEMALE,ISTANBUL,2022/08/27,2022,8,August
40,Premium,Middle Adults,CSTMR0036,MARMARA,MALE,ISTANBUL,2022/04/05,2022,4,April
42,Standard,Middle Adults,CSTMR0037,CENTRAL ANATOLIA,MALE,ANKARA,2022/01/30,2022,1,January
44,Standard,Middle Adults,CSTMR0038,AEGEAN,OTHER,IZMIR,2022/01/08,2022,1,January
53,Premium,Late Adults,CSTMR0039,MARMARA,FEMALE,ISTANBUL,2020/02/06,2020,2,February
30,VIP,Early Adults,CSTMR0040,AEGEAN,FEMALE,AYDIN,2022/05/16,2022,5,May
53,Standard,Late Adults,CSTMR0041,MARMARA,FEMALE,ISTANBUL,2021/11/29,2021,11,November
38,VIP,Middle Adults,CSTMR0042,MEDITERRANEAN,FEMALE,ANTALYA,2020/03/16,2020,3,March
35,Standard,Early Adults,CSTMR0043,MARMARA,FEMALE,KOCAELI,2020/05/23,2020,5,May
62,VIP,Older Adults,CSTMR0044,MARMARA,FEMALE,ISTANBUL,2022/06/09,2022,6,June
33,Standard,Early Adults,CSTMR0045,MEDITERRANEAN,OTHER,ANTALYA,2022/07/23,2022,7,July
40,Standard,Middle Adults,CSTMR0046,AEGEAN,FEMALE,AYDIN,2022/02/01,2022,2,February
42,Standard,Middle Adults,CSTMR0047,AEGEAN,MALE,IZMIR,2023/04/12,2023,4,April
31,Standard,Early Adults,CSTMR0048,CENTRAL ANATOLIA,FEMALE,ANKARA,2021/09/25,2021,9,September
43,VIP,Middle Adults,CSTMR0049,CENTRAL ANATOLIA,FEMALE,ANKARA,2021/05/14,2021,5,May
20,Standard,Young Adults,CSTMR0050,AEGEAN,MALE,IZMIR,2022/12/29,2022,12,December
55,Standard,Late Adults,CSTMR0051,MARMARA,FEMALE,ISTANBUL,2020/02/08,2020,2,February
27,Premium,Early Adults,CSTMR0052,MARMARA,MALE,BURSA,2022/12/17,2022,12,December
44,Standard,Middle Adults,CSTMR0053,AEGEAN,OTHER,IZMIR,2020/12/13,2020,12,December
46,Standard,Late Adults,CSTMR0054,MARMARA,MALE,ISTANBUL,2022/03/04,2022,3,March
18,Standard,Young Adults,CSTMR0055,MARMARA,MALE,ISTANBUL,2020/07/21,2020,7,July
45,Premium,Middle Adults,CSTMR0056,AEGEAN,MALE,IZMIR,2020/02/16,2020,2,February
63,VIP,Older Adults,CSTMR0057,AEGEAN,MALE,IZMIR,2021/10/17,2021,10,October
28,Standard,Early Adults,CSTMR0058,MEDITERRANEAN,MALE,ANTALYA,2022/02/22,2022,2,February
20,Standard,Young Adults,CSTMR0059,MARMARA,FEMALE,ISTANBUL,2020/03/30,2020,3,March
47,VIP,Late Adults,CSTMR0060,MARMARA,OTHER,ISTANBUL,2022/05/18,2022,5,May
42,Standard,Middle Adults,CSTMR0061,MARMARA,MALE,ISTANBUL,2021/04/05,2021,4,April
60,Premium,Late Adults,CSTMR0062,CENTRAL ANATOLIA,MALE,ESKISEHIR,2021/01/24,2021,1,January
22,Standard,Young Adults,CSTMR0063,MEDITERRANEAN,FEMALE,ANTALYA,2022/05/26,2022,5,May
59,Standard,Late Adults,CSTMR0064,CENTRAL ANATOLIA,OTHER,ANKARA,2020/05/25,2020,5,May
18,Standard,Young Adults,CSTMR0065,MEDITERRANEAN,MALE,ANTALYA,2022/03/05,2022,3,March
54,Standard,Late Adults,CSTMR0066,MARMARA,FEMALE,ISTANBUL,2021/05/25,2021,5,May
41,Premium,Middle Adults,CSTMR0067,BLACK SEA,MALE,TRABZON,2022/02/09,2022,2,February
41,Standard,Middle Adults,CSTMR0068,MEDITERRANEAN,FEMALE,ANTALYA,2020/03/23,2020,3,March
21,Standard,Young Adults,CSTMR0069,AEGEAN,FEMALE,IZMIR,2020/02/03,2020,2,February
44,Premium,Middle Adults,CSTMR0070,AEGEAN,FEMALE,IZMIR,2021/11/04,2021,11,November
49,Standard,Late Adults,CSTMR0071,MEDITERRANEAN,MALE,ANTALYA,2022/09/16,2022,9,September
31,Premium,Early Adults,CSTMR0072,MARMARA,MALE,ISTANBUL,2022/07/07,2022,7,July
26,Premium,Early Adults,CSTMR0073,MARMARA,OTHER,ISTANBUL,2022/02/02,2022,2,February
46,Premium,Late Adults,CSTMR0074,AEGEAN,FEMALE,IZMIR,2022/05/08,2022,5,May
18,Premium,Young Adults,CSTMR0075,CENTRAL ANATOLIA,MALE,ESKISEHIR,2021/06/25,2021,6,June
61,Premium,Older Adults,CSTMR0076,MEDITERRANEAN,FEMALE,ANTALYA,2022/06/18,2022,6,June
39,Standard,Middle Adults,CSTMR0077,MARMARA,MALE,ISTANBUL,2020/05/05,2020,5,May
32,Standard,Early Adults,CSTMR0078,MARMARA,FEMALE,ISTANBUL,2022/01/30,2022,1,January
57,Premium,Late Adults,CSTMR0079,MARMARA,FEMALE,ISTANBUL,2022/06/18,2022,6,June
28,Premium,Early Adults,CSTMR0080,MARMARA,OTHER,KOCAELI,2020/04/02,2020,4,April
45,Standard,Middle Adults,CSTMR0081,MARMARA,FEMALE,ISTANBUL,2021/11/12,2021,11,November
31,Premium,Early Adults,CSTMR0082,MARMARA,FEMALE,ISTANBUL,2020/08/20,2020,8,August
33,Premium,Early Adults,CSTMR0083,MARMARA,MALE,ISTANBUL,2022/03/04,2022,3,March
28,Standard,Early Adults,CSTMR0084,MARMARA,FEMALE,ISTANBUL,2020/12/15,2020,12,December
40,Standard,Middle Adults,CSTMR0085,MEDITERRANEAN,FEMALE,ADANA,2020/10/29,2020,10,October
28,Premium,Early Adults,CSTMR0086,AEGEAN,FEMALE,IZMIR,2020/03/18,2020,3,March
44,Standard,Middle Adults,CSTMR0087,MARMARA,MALE,KOCAELI,2022/03/16,2022,3,March
41,Standard,Middle Adults,CSTMR0088,MARMARA,FEMALE,ISTANBUL,2021/04/29,2021,4,April
19,Premium,Young Adults,CSTMR0089,MARMARA,MALE,ISTANBUL,2020/01/25,2020,1,January
40,Premium,Middle Adults,CSTMR0090,MARMARA,MALE,KOCAELI,2020/04/20,2020,4,April
63,Premium,Older Adults,CSTMR0091,AEGEAN,FEMALE,IZMIR,2021/02/28,2021,2,February
54,Premium,Late Adults,CSTMR0092,AEGEAN,OTHER,IZMIR,2020/10/11,2020,10,October
33,Standard,Early Adults,CSTMR0093,MARMARA,FEMALE,ISTANBUL,2021/09/15,2021,9,September
35,Standard,Early Adults,CSTMR0094,MARMARA,MALE,ISTANBUL,2022/04/02,2022,4,April
47,Standard,Late Adults,CSTMR0095,MARMARA,FEMALE,ISTANBUL,2020/04/27,2020,4,April
39,Standard,Middle Adults,CSTMR0096,AEGEAN,MALE,IZMIR,2020/12/07,2020,12,December
49,Standard,Late Adults,CSTMR0097,MARMARA,MALE,ISTANBUL,2023/02/15,2023,2,February
28,Premium,Early Adults,CSTMR0098,AEGEAN,FEMALE,AYDIN,2020/05/19,2020,5,May
45,Standard,Middle Adults,CSTMR0099,MARMARA,MALE,ISTANBUL,2022/04/24,2022,4,April
18,Standard,Young Adults,CSTMR0100,MARMARA,MALE,ISTANBUL,2020/01/10,2020,1,January
45,Standard,Middle Adults,CSTMR0101,MARMARA,MALE,ISTANBUL,2020/11/24,2020,11,November
25,Premium,Young Adults,CSTMR0102,MARMARA,MALE,KOCAELI,2023/01/23,2023,1,January
40,Standard,Middle Adults,CSTMR0103,MARMARA,MALE,ISTANBUL,2021/05/27,2021,5,May
39,Premium,Middle Adults,CSTMR0104,CENTRAL ANATOLIA,MALE,ANKARA,2022/05/22,2022,5,May
32,Standard,Early Adults,CSTMR0105,MARMARA,MALE,ISTANBUL,2020/03/18,2020,3,March
43,Standard,Middle Adults,CSTMR0106,CENTRAL ANATOLIA,MALE,ANKARA,2020/03/29,2020,3,March
44,Standard,Middle Adults,CSTMR0107,AEGEAN,FEMALE,IZMIR,2022/12/11,2022,12,December
41,Standard,Middle Adults,CSTMR0108,MARMARA,FEMALE,BURSA,2022/03/10,2022,3,March
40,Standard,Middle Adults,CSTMR0109,MARMARA,MALE,ISTANBUL,2021/01/08,2021,1,January
47,Standard,Late Adults,CSTMR0110,MARMARA,MALE,ISTANBUL,2022/11/04,2022,11,November
43,Premium,Middle Adults,CSTMR0111,BLACK SEA,MALE,TRABZON,2023/01/25,2023,1,January
56,Premium,Late Adults,CSTMR0112,MARMARA,MALE,ISTANBUL,2020/07/14,2020,7,July
33,Standard,Early Adults,CSTMR0113,CENTRAL ANATOLIA,FEMALE,ANKARA,2023/03/28,2023,3,March
47,Standard,Late Adults,CSTMR0114,AEGEAN,MALE,IZMIR,2020/01/15,2020,1,January
47,Standard,Late Adults,CSTMR0115,AEGEAN,MALE,AYDIN,2020/04/04,2020,4,April
26,VIP,Early Adults,CSTMR0116,AEGEAN,MALE,AYDIN,2020/03/09,2020,3,March
23,Standard,Young Adults,CSTMR0117,MARMARA,MALE,BURSA,2020/12/11,2020,12,December
29,Standard,Early Adults,CSTMR0118,AEGEAN,FEMALE,IZMIR,2022/08/15,2022,8,August
45,VIP,Middle Adults,CSTMR0119,MARMARA,MALE,ISTANBUL,2022/04/10,2022,4,April
56,Standard,Late Adults,CSTMR0120,AEGEAN,MALE,AYDIN,2023/02/03,2023,2,February
30,Premium,Early Adults,CSTMR0121,MARMARA,MALE,ISTANBUL,2022/09/09,2022,9,September
32,Standard,Early Adults,CSTMR0122,MARMARA,MALE,KOCAELI,2022/07/24,2022,7,July
28,Standard,Early Adults,CSTMR0123,CENTRAL ANATOLIA,FEMALE,ANKARA,2022/07/25,2022,7,July
45,Standard,Middle Adults,CSTMR0124,CENTRAL ANATOLIA,FEMALE,ANKARA,2021/01/20,2021,1,January
39,Standard,Middle Adults,CSTMR0125,MARMARA,FEMALE,ISTANBUL,2022/02/01,2022,2,February
47,Standard,Late Adults,CSTMR0126,MARMARA,FEMALE,KOCAELI,2021/12/10,2021,12,December
29,VIP,Early Adults,CSTMR0127,MARMARA,FEMALE,ISTANBUL,2022/12/08,2022,12,December
48,VIP,Late Adults,CSTMR0128,MARMARA,FEMALE,ISTANBUL,2020/12/07,2020,12,December
68,Premium,Older Adults,CSTMR0129,MARMARA,FEMALE,ISTANBUL,2020/02/08,2020,2,February
38,Standard,Middle Adults,CSTMR0130,MARMARA,FEMALE,ISTANBUL,2021/10/31,2021,10,October
68,Standard,Older Adults,CSTMR0131,MARMARA,MALE,ISTANBUL,2021/12/08,2021,12,December
24,Standard,Young Adults,CSTMR0132,MARMARA,FEMALE,KOCAELI,2023/02/10,2023,2,February
33,Premium,Early Adults,CSTMR0133,CENTRAL ANATOLIA,FEMALE,ANKARA,2022/03/10,2022,3,March
33,Premium,Early Adults,CSTMR0134,MARMARA,OTHER,KOCAELI,2020/03/27,2020,3,March
34,Standard,Early Adults,CSTMR0135,AEGEAN,MALE,IZMIR,2021/03/18,2021,3,March
50,Standard,Late Adults,CSTMR0136,MARMARA,MALE,ISTANBUL,2021/08/01,2021,8,August
48,VIP,Late Adults,CSTMR0137,MEDITERRANEAN,MALE,ADANA,2023/02/17,2023,2,February
45,Standard,Middle Adults,CSTMR0138,MEDITERRANEAN,FEMALE,ANTALYA,2020/06/30,2020,6,June
18,Standard,Young Adults,CSTMR0139,CENTRAL ANATOLIA,MALE,ESKISEHIR,2022/03/25,2022,3,March
59,Standard,Late Adults,CSTMR0140,CENTRAL ANATOLIA,MALE,ANKARA,2021/07/12,2021,7,July
22,VIP,Young Adults,CSTMR0141,AEGEAN,FEMALE,IZMIR,2022/12/12,2022,12,December
59,Standard,Late Adults,CSTMR0142,CENTRAL ANATOLIA,MALE,ANKARA,2021/08/15,2021,8,August
39,Premium,Middle Adults,CSTMR0143,MARMARA,MALE,BURSA,2023/12/02,2023,12,December
39,Standard,Middle Adults,CSTMR0144,AEGEAN,OTHER,IZMIR,2021/05/08,2021,5,May
31,Premium,Early Adults,CSTMR0145,MARMARA,MALE,ISTANBUL,2023/03/15,2023,3,March
28,Premium,Early Adults,CSTMR0146,MARMARA,MALE,KOCAELI,2020/03/02,2020,3,March
32,Premium,Early Adults,CSTMR0147,MARMARA,MALE,ISTANBUL,2020/01/27,2020,1,January
44,Standard,Middle Adults,CSTMR0148,AEGEAN,MALE,IZMIR,2020/09/24,2020,9,September
52,Standard,Late Adults,CSTMR0149,MARMARA,MALE,BURSA,2021/12/02,2021,12,December
41,Premium,Middle Adults,CSTMR0150,MARMARA,FEMALE,ISTANBUL,2022/03/29,2022,3,March
47,Standard,Late Adults,CSTMR0151,AEGEAN,MALE,AYDIN,2022/01/13,2022,1,January
36,Standard,Middle Adults,CSTMR0152,AEGEAN,FEMALE,IZMIR,2022/01/27,2022,1,January
41,Standard,Middle Adults,CSTMR0153,MARMARA,MALE,ISTANBUL,2022/08/15,2022,8,August
18,Premium,Young Adults,CSTMR0154,AEGEAN,FEMALE,IZMIR,2020/03/13,2020,3,March
61,Standard,Older Adults,CSTMR0155,MARMARA,FEMALE,BURSA,2022/11/28,2022,11,November
37,Standard,Middle Adults,CSTMR0156,MARMARA,MALE,ISTANBUL,2020/04/11,2020,4,April
22,Premium,Young Adults,CSTMR0157,MARMARA,MALE,KOCAELI,2020/08/03,2020,8,August
35,VIP,Early Adults,CSTMR0158,CENTRAL ANATOLIA,MALE,ANKARA,2021/08/01,2021,8,August
41,Standard,Middle Adults,CSTMR0159,AEGEAN,MALE,IZMIR,2021/05/03,2021,5,May
46,Standard,Late Adults,CSTMR0160,AEGEAN,OTHER,AYDIN,2021/12/11,2021,12,December
18,Standard,Young Adults,CSTMR0161,MARMARA,FEMALE,ISTANBUL,2020/05/16,2020,5,May
34,Standard,Early Adults,CSTMR0162,MARMARA,MALE,BURSA,2021/08/16,2021,8,August
54,Standard,Late Adults,CSTMR0163,AEGEAN,FEMALE,IZMIR,2023/03/28,2023,3,March
18,Standard,Young Adults,CSTMR0164,MARMARA,MALE,KOCAELI,2020/10/05,2020,10,October
34,Premium,Early Adults,CSTMR0165,MARMARA,MALE,ISTANBUL,2021/05/11,2021,5,May
39,Premium,Middle Adults,CSTMR0166,AEGEAN,MALE,AYDIN,2023/03/30,2023,3,March
38,Standard,Middle Adults,CSTMR0167,MEDITERRANEAN,FEMALE,ANTALYA,2022/11/28,2022,11,November
50,Premium,Late Adults,CSTMR0168,MARMARA,FEMALE,ISTANBUL,2020/11/13,2020,11,November
32,Standard,Early Adults,CSTMR0169,MARMARA,MALE,BURSA,2021/01/23,2021,1,January
55,Standard,Late Adults,CSTMR0170,MARMARA,FEMALE,BURSA,2021/01/10,2021,1,January
18,Premium,Young Adults,CSTMR0171,AEGEAN,MALE,IZMIR,2023/03/09,2023,3,March
23,Premium,Young Adults,CSTMR0172,MARMARA,OTHER,ISTANBUL,2021/12/10,2021,12,December
47,Standard,Late Adults,CSTMR0173,MEDITERRANEAN,FEMALE,ADANA,2021/07/17,2021,7,July
40,Standard,Middle Adults,CSTMR0174,CENTRAL ANATOLIA,MALE,ANKARA,2022/06/03,2022,6,June
36,Standard,Middle Adults,CSTMR0175,MARMARA,MALE,ISTANBUL,2021/05/20,2021,5,May
31,Standard,Early Adults,CSTMR0176,MARMARA,FEMALE,ISTANBUL,2022/06/12,2022,6,June
45,Premium,Middle Adults,CSTMR0177,MARMARA,MALE,ISTANBUL,2021/02/22,2021,2,February
67,Premium,Older Adults,CSTMR0178,MARMARA,FEMALE,ISTANBUL,2020/06/08,2020,6,June
18,Standard,Young Adults,CSTMR0179,MARMARA,MALE,ISTANBUL,2022/07/09,2022,7,July
27,Standard,Early Adults,CSTMR0180,MARMARA,FEMALE,ISTANBUL,2022/12/08,2022,12,December
38,VIP,Middle Adults,CSTMR0181,MEDITERRANEAN,MALE,ANTALYA,2022/08/30,2022,8,August
30,VIP,Early Adults,CSTMR0182,MARMARA,MALE,ISTANBUL,2020/08/11,2020,8,August
60,Premium,Late Adults,CSTMR0183,MARMARA,MALE,KOCAELI,2020/08/03,2020,8,August
47,Premium,Late Adults,CSTMR0184,CENTRAL ANATOLIA,MALE,ANKARA,2022/03/26,2022,3,March
50,Premium,Late Adults,CSTMR0185,AEGEAN,FEMALE,IZMIR,2021/02/25,2021,2,February
52,Premium,Late Adults,CSTMR0186,MEDITERRANEAN,FEMALE,ANTALYA,2022/01/30,2022,1,January
33,Premium,Early Adults,CSTMR0187,CENTRAL ANATOLIA,MALE,ANKARA,2020/03/22,2020,3,March
27,Standard,Early Adults,CSTMR0188,MARMARA,FEMALE,KOCAELI,2020/10/21,2020,10,October
45,Standard,Middle Adults,CSTMR0189,MARMARA,MALE,ISTANBUL,2022/05/15,2022,5,May
18,Standard,Young Adults,CSTMR0190,CENTRAL ANATOLIA,MALE,ANKARA,2021/04/11,2021,4,April
36,VIP,Middle Adults,CSTMR0191,AEGEAN,FEMALE,IZMIR,2020/06/02,2020,6,June
41,Premium,Middle Adults,CSTMR0192,AEGEAN,FEMALE,IZMIR,2021/12/31,2021,12,December
35,Premium,Early Adults,CSTMR0193,MARMARA,FEMALE,ISTANBUL,2023/02/17,2023,2,February
60,Premium,Late Adults,CSTMR0194,MEDITERRANEAN,FEMALE,ADANA,2020/10/11,2020,10,October
18,Standard,Young Adults,CSTMR0195,MARMARA,FEMALE,ISTANBUL,2022/11/22,2022,11,November
54,Standard,Late Adults,CSTMR0196,CENTRAL ANATOLIA,FEMALE,ANKARA,2021/07/23,2021,7,July
46,Premium,Late Adults,CSTMR0197,MARMARA,MALE,ISTANBUL,2020/08/02,2020,8,August
37,Standard,Middle Adults,CSTMR0198,MARMARA,MALE,ISTANBUL,2023/02/27,2023,2,February
43,Standard,Middle Adults,CSTMR0199,CENTRAL ANATOLIA,FEMALE,ANKARA,2020/03/24,2020,3,March
40,Standard,Middle Adults,CSTMR0200,MEDITERRANEAN,MALE,ADANA,2021/07/23,2021,7,July
22,Standard,Young Adults,CSTMR0201,CENTRAL ANATOLIA,MALE,ANKARA,2020/07/26,2020,7,July
55,Premium,Late Adults,CSTMR0202,MARMARA,MALE,ISTANBUL,2021/06/03,2021,6,June
45,VIP,Middle Adults,CSTMR0203,MARMARA,MALE,ISTANBUL,2021/11/23,2021,11,November
53,Standard,Late Adults,CSTMR0204,MARMARA,MALE,ISTANBUL,2021/06/10,2021,6,June
42,Premium,Middle Adults,CSTMR0205,MARMARA,FEMALE,BURSA,2022/10/13,2022,10,October
28,Standard,Early Adults,CSTMR0206,MARMARA,MALE,ISTANBUL,2021/01/20,2021,1,January
34,Premium,Early Adults,CSTMR0207,MARMARA,FEMALE,ISTANBUL,2020/12/03,2020,12,December
37,Premium,Middle Adults,CSTMR0208,MARMARA,MALE,ISTANBUL,2021/12/29,2021,12,December
37,Standard,Middle Adults,CSTMR0209,MARMARA,FEMALE,ISTANBUL,2021/02/04,2021,2,February
31,Standard,Early Adults,CSTMR0210,MARMARA,FEMALE,ISTANBUL,2023/01/14,2023,1,January
38,Standard,Middle Adults,CSTMR0211,CENTRAL ANATOLIA,FEMALE,ESKISEHIR,2021/08/11,2021,8,August
28,Premium,Early Adults,CSTMR0212,MARMARA,FEMALE,ISTANBUL,2022/05/20,2022,5,May
42,VIP,Middle Adults,CSTMR0213,MARMARA,FEMALE,ISTANBUL,2021/09/26,2021,9,September
39,Premium,Middle Adults,CSTMR0214,MARMARA,MALE,ISTANBUL,2021/06/07,2021,6,June
48,Premium,Late Adults,CSTMR0215,MARMARA,MALE,ISTANBUL,2020/09/07,2020,9,September
45,Premium,Middle Adults,CSTMR0216,AEGEAN,FEMALE,IZMIR,2020/01/22,2020,1,January
58,Premium,Late Adults,CSTMR0217,MARMARA,MALE,ISTANBUL,2022/10/10,2022,10,October
40,Standard,Middle Adults,CSTMR0218,MARMARA,FEMALE,KOCAELI,2020/05/01,2020,5,May
44,Standard,Middle Adults,CSTMR0219,MARMARA,MALE,BURSA,2020/10/14,2020,10,October
42,Standard,Middle Adults,CSTMR0220,AEGEAN,FEMALE,AYDIN,2021/10/23,2021,10,October
27,Standard,Early Adults,CSTMR0221,MARMARA,FEMALE,BURSA,2021/03/20,2021,3,March
37,Standard,Middle Adults,CSTMR0222,MARMARA,OTHER,ISTANBUL,2022/05/11,2022,5,May
42,Standard,Middle Adults,CSTMR0223,AEGEAN,MALE,AYDIN,2021/06/15,2021,6,June
50,Standard,Late Adults,CSTMR0224,MARMARA,FEMALE,KOCAELI,2021/02/23,2021,2,February
56,Standard,Late Adults,CSTMR0225,CENTRAL ANATOLIA,FEMALE,ANKARA,2020/10/21,2020,10,October
57,Premium,Late Adults,CSTMR0226,CENTRAL ANATOLIA,MALE,ESKISEHIR,2021/06/13,2021,6,June
42,Standard,Middle Adults,CSTMR0227,CENTRAL ANATOLIA,FEMALE,ESKISEHIR,2022/07/28,2022,7,July
29,Standard,Early Adults,CSTMR0228,MARMARA,FEMALE,BURSA,2022/10/01,2022,10,October
57,Standard,Late Adults,CSTMR0229,AEGEAN,MALE,IZMIR,2023/01/12,2023,1,January
18,Premium,Young Adults,CSTMR0230,MARMARA,FEMALE,BURSA,2020/01/28,2020,1,January
51,Standard,Late Adults,CSTMR0231,MARMARA,FEMALE,ISTANBUL,2020/10/27,2020,10,October
29,Standard,Early Adults,CSTMR0232,CENTRAL ANATOLIA,FEMALE,ESKISEHIR,2021/09/21,2021,9,September
49,Standard,Late Adults,CSTMR0233,MARMARA,MALE,BURSA,2022/08/29,2022,8,August
32,Standard,Early Adults,CSTMR0234,MARMARA,MALE,ISTANBUL,2023/02/18,2023,2,February
55,Standard,Late Adults,CSTMR0235,AEGEAN,MALE,AYDIN,2020/06/04,2020,6,June
40,Standard,Middle Adults,CSTMR0236,MARMARA,FEMALE,KOCAELI,2020/11/29,2020,11,November
36,Standard,Middle Adults,CSTMR0237,MEDITERRANEAN,FEMALE,ANTALYA,2022/04/16,2022,4,April
25,VIP,Young Adults,CSTMR0238,AEGEAN,OTHER,IZMIR,2020/10/02,2020,10,October
48,Standard,Late Adults,CSTMR0239,MARMARA,MALE,BURSA,2021/05/09,2021,5,May
42,Standard,Middle Adults,CSTMR0240,MARMARA,FEMALE,KOCAELI,2020/05/30,2020,5,May
26,Standard,Early Adults,CSTMR0241,AEGEAN,MALE,IZMIR,2020/05/08,2020,5,May
45,Premium,Middle Adults,CSTMR0242,MARMARA,FEMALE,ISTANBUL,2020/03/26,2020,3,March
37,Premium,Middle Adults,CSTMR0243,MARMARA,MALE,ISTANBUL,2023/03/14,2023,3,March
40,Premium,Middle Adults,CSTMR0244,CENTRAL ANATOLIA,MALE,ANKARA,2022/09/13,2022,9,September
25,Standard,Young Adults,CSTMR0245,AEGEAN,MALE,IZMIR,2022/12/12,2022,12,December
46,Standard,Late Adults,CSTMR0246,MARMARA,MALE,ISTANBUL,2022/10/06,2022,10,October
33,Standard,Early Adults,CSTMR0247,MARMARA,MALE,ISTANBUL,2022/08/28,2022,8,August
40,Premium,Middle Adults,CSTMR0248,MARMARA,MALE,ISTANBUL,2020/01/19,2020,1,January
34,Standard,Early Adults,CSTMR0249,CENTRAL ANATOLIA,MALE,ANKARA,2022/04/01,2022,4,April
54,Standard,Late Adults,CSTMR0250,AEGEAN,MALE,IZMIR,2021/12/11,2021,12,December
64,Standard,Older Adults,CSTMR0251,MARMARA,FEMALE,KOCAELI,2020/10/17,2020,10,October
51,Standard,Late Adults,CSTMR0252,AEGEAN,MALE,IZMIR,2022/08/31,2022,8,August
49,Premium,Late Adults,CSTMR0253,MARMARA,MALE,KOCAELI,2021/03/29,2021,3,March
34,Standard,Early Adults,CSTMR0254,MARMARA,FEMALE,ISTANBUL,2023/03/02,2023,3,March
65,Standard,Older Adults,CSTMR0255,CENTRAL ANATOLIA,MALE,ANKARA,2021/05/12,2021,5,May
46,Premium,Late Adults,CSTMR0256,CENTRAL ANATOLIA,FEMALE,ANKARA,2021/09/10,2021,9,September
34,Standard,Early Adults,CSTMR0257,MEDITERRANEAN,MALE,ANTALYA,2020/11/19,2020,11,November
42,Standard,Middle Adults,CSTMR0258,MARMARA,FEMALE,ISTANBUL,2022/08/21,2022,8,August
49,Premium,Late Adults,CSTMR0259,MARMARA,FEMALE,KOCAELI,2023/03/13,2023,3,March
30,Standard,Early Adults,CSTMR0260,MARMARA,FEMALE,BURSA,2021/08/11,2021,8,August
44,Standard,Middle Adults,CSTMR0261,MARMARA,FEMALE,ISTANBUL,2022/06/27,2022,6,June
26,VIP,Early Adults,CSTMR0262,CENTRAL ANATOLIA,FEMALE,ANKARA,2021/03/20,2021,3,March
54,Premium,Late Adults,CSTMR0263,AEGEAN,MALE,IZMIR,2021/07/12,2021,7,July
37,Premium,Middle Adults,CSTMR0264,CENTRAL ANATOLIA,MALE,ANKARA,2021/12/26,2021,12,December
25,Standard,Young Adults,CSTMR0265,MARMARA,MALE,BURSA,2021/11/12,2021,11,November
43,Premium,Middle Adults,CSTMR0266,MARMARA,MALE,ISTANBUL,2020/02/19,2020,2,February
50,Standard,Late Adults,CSTMR0267,CENTRAL ANATOLIA,FEMALE,ANKARA,2022/09/19,2022,9,September
44,Standard,Middle Adults,CSTMR0268,MARMARA,MALE,ISTANBUL,2023/02/05,2023,2,February
52,Premium,Late Adults,CSTMR0269,MARMARA,FEMALE,KOCAELI,2021/10/11,2021,10,October
57,Standard,Late Adults,CSTMR0270,MARMARA,OTHER,ISTANBUL,2022/07/09,2022,7,July
28,Standard,Early Adults,CSTMR0271,MARMARA,MALE,BURSA,2023/04/05,2023,4,April
57,Premium,Late Adults,CSTMR0272,MARMARA,FEMALE,ISTANBUL,2020/10/28,2020,10,October
18,Standard,Young Adults,CSTMR0273,MARMARA,MALE,ISTANBUL,2022/01/13,2022,1,January
44,Standard,Middle Adults,CSTMR0274,MARMARA,FEMALE,BURSA,2022/12/29,2022,12,December
28,Premium,Early Adults,CSTMR0275,CENTRAL ANATOLIA,MALE,ANKARA,2020/06/08,2020,6,June
38,Standard,Middle Adults,CSTMR0276,AEGEAN,FEMALE,IZMIR,2022/10/10,2022,10,October
20,Standard,Young Adults,CSTMR0277,BLACK SEA,FEMALE,TRABZON,2020/04/25,2020,4,April
22,Standard,Young Adults,CSTMR0278,MEDITERRANEAN,MALE,ANTALYA,2020/10/13,2020,10,October
19,Premium,Young Adults,CSTMR0279,CENTRAL ANATOLIA,FEMALE,ANKARA,2022/11/01,2022,11,November
18,VIP,Young Adults,CSTMR0280,CENTRAL ANATOLIA,FEMALE,ANKARA,2020/08/24,2020,8,August
28,Standard,Early Adults,CSTMR0281,AEGEAN,MALE,IZMIR,2023/01/12,2023,1,January
47,Standard,Late Adults,CSTMR0282,CENTRAL ANATOLIA,MALE,ANKARA,2023/03/30,2023,3,March
34,VIP,Early Adults,CSTMR0283,MARMARA,FEMALE,ISTANBUL,2020/12/26,2020,12,December
33,Standard,Early Adults,CSTMR0284,AEGEAN,FEMALE,IZMIR,2022/04/14,2022,4,April
42,Premium,Middle Adults,CSTMR0285,CENTRAL ANATOLIA,OTHER,ESKISEHIR,2020/05/22,2020,5,May
67,Premium,Older Adults,CSTMR0286,MARMARA,FEMALE,ISTANBUL,2021/07/14,2021,7,July
49,Standard,Late Adults,CSTMR0287,CENTRAL ANATOLIA,FEMALE,ANKARA,2020/05/13,2020,5,May
34,Standard,Early Adults,CSTMR0288,CENTRAL ANATOLIA,FEMALE,ANKARA,2021/02/02,2021,2,February
25,Standard,Young Adults,CSTMR0289,MEDITERRANEAN,MALE,ADANA,2020/09/22,2020,9,September
53,Standard,Late Adults,CSTMR0290,CENTRAL ANATOLIA,MALE,ANKARA,2020/06/12,2020,6,June
41,Standard,Middle Adults,CSTMR0291,CENTRAL ANATOLIA,FEMALE,ANKARA,2023/02/14,2023,2,February
36,Standard,Middle Adults,CSTMR0292,MARMARA,OTHER,KOCAELI,2023/01/07,2023,1,January
37,Standard,Middle Adults,CSTMR0293,MARMARA,MALE,ISTANBUL,2022/04/25,2022,4,April
43,Premium,Middle Adults,CSTMR0294,CENTRAL ANATOLIA,FEMALE,ANKARA,2021/11/02,2021,11,November
26,Standard,Early Adults,CSTMR0295,MARMARA,FEMALE,ISTANBUL,2022/02/16,2022,2,February
43,Standard,Middle Adults,CSTMR0296,CENTRAL ANATOLIA,FEMALE,ANKARA,2022/12/15,2022,12,December
29,Standard,Early Adults,CSTMR0297,MARMARA,FEMALE,ISTANBUL,2021/02/03,2021,2,February
48,Standard,Late Adults,CSTMR0298,BLACK SEA,FEMALE,TRABZON,2022/02/23,2022,2,February
43,Standard,Middle Adults,CSTMR0299,CENTRAL ANATOLIA,MALE,ANKARA,2022/12/22,2022,12,December
25,Standard,Young Adults,CSTMR0300,AEGEAN,FEMALE,IZMIR,2021/04/27,2021,4,April
44,Standard,Middle Adults,CSTMR0301,CENTRAL ANATOLIA,FEMALE,ANKARA,2021/05/24,2021,5,May
47,Premium,Late Adults,CSTMR0302,MARMARA,FEMALE,BURSA,2022/11/01,2022,11,November
39,Premium,Middle Adults,CSTMR0303,MARMARA,MALE,ISTANBUL,2020/07/31,2020,7,July
24,Standard,Young Adults,CSTMR0304,MARMARA,FEMALE,ISTANBUL,2020/06/21,2020,6,June
47,Standard,Late Adults,CSTMR0305,MARMARA,FEMALE,KOCAELI,2020/07/01,2020,7,July
22,Standard,Young Adults,CSTMR0306,CENTRAL ANATOLIA,MALE,ANKARA,2021/09/15,2021,9,September
21,Standard,Young Adults,CSTMR0307,MARMARA,MALE,BURSA,2020/01/21,2020,1,January
18,Premium,Young Adults,CSTMR0308,MARMARA,FEMALE,ISTANBUL,2023/02/17,2023,2,February
18,Premium,Young Adults,CSTMR0309,CENTRAL ANATOLIA,FEMALE,ANKARA,2020/08/19,2020,8,August
33,Premium,Early Adults,CSTMR0310,AEGEAN,MALE,IZMIR,2021/12/26,2021,12,December
38,Premium,Middle Adults,CSTMR0311,MARMARA,MALE,ISTANBUL,2022/07/28,2022,7,July
28,Standard,Early Adults,CSTMR0312,MARMARA,MALE,ISTANBUL,2020/03/27,2020,3,March
21,Premium,Young Adults,CSTMR0313,MARMARA,MALE,ISTANBUL,2021/02/02,2021,2,February
26,Premium,Early Adults,CSTMR0314,MARMARA,FEMALE,BURSA,2021/03/17,2021,3,March
28,Premium,Early Adults,CSTMR0315,MARMARA,MALE,ISTANBUL,2022/09/18,2022,9,September
48,Standard,Late Adults,CSTMR0316,CENTRAL ANATOLIA,MALE,ANKARA,2020/12/25,2020,12,December
34,Standard,Early Adults,CSTMR0317,AEGEAN,MALE,IZMIR,2020/06/17,2020,6,June
34,Standard,Early Adults,CSTMR0318,CENTRAL ANATOLIA,FEMALE,ESKISEHIR,2020/05/28,2020,5,May
37,Standard,Middle Adults,CSTMR0319,MEDITERRANEAN,FEMALE,ANTALYA,2022/06/10,2022,6,June
25,Standard,Young Adults,CSTMR0320,MARMARA,FEMALE,ISTANBUL,2020/01/07,2020,1,January
18,Premium,Young Adults,CSTMR0321,MARMARA,MALE,ISTANBUL,2021/02/17,2021,2,February
49,Standard,Late Adults,CSTMR0322,MARMARA,MALE,KOCAELI,2020/04/22,2020,4,April
41,Premium,Middle Adults,CSTMR0323,CENTRAL ANATOLIA,FEMALE,ANKARA,2022/07/31,2022,7,July
41,Premium,Middle Adults,CSTMR0324,MARMARA,MALE,BURSA,2020/10/28,2020,10,October
25,Standard,Young Adults,CSTMR0325,MARMARA,FEMALE,KOCAELI,2020/08/22,2020,8,August
44,Premium,Middle Adults,CSTMR0326,AEGEAN,FEMALE,AYDIN,2022/02/08,2022,2,February
31,Standard,Early Adults,CSTMR0327,MARMARA,FEMALE,KOCAELI,2020/03/28,2020,3,March
45,Standard,Middle Adults,CSTMR0328,CENTRAL ANATOLIA,MALE,ANKARA,2021/11/26,2021,11,November
50,Standard,Late Adults,CSTMR0329,MARMARA,FEMALE,BURSA,2020/05/15,2020,5,May
40,Standard,Middle Adults,CSTMR0330,MARMARA,OTHER,ISTANBUL,2021/05/29,2021,5,May
53,Premium,Late Adults,CSTMR0331,MARMARA,MALE,ISTANBUL,2022/10/30,2022,10,October
32,Premium,Early Adults,CSTMR0332,AEGEAN,FEMALE,IZMIR,2022/12/25,2022,12,December
36,Standard,Middle Adults,CSTMR0333,CENTRAL ANATOLIA,MALE,ANKARA,2021/07/19,2021,7,July
38,Standard,Middle Adults,CSTMR0334,CENTRAL ANATOLIA,FEMALE,ANKARA,2022/09/11,2022,9,September
46,Premium,Late Adults,CSTMR0335,BLACK SEA,FEMALE,TRABZON,2020/05/11,2020,5,May
33,Standard,Early Adults,CSTMR0336,CENTRAL ANATOLIA,MALE,ANKARA,2022/10/10,2022,10,October
58,Standard,Late Adults,CSTMR0337,MARMARA,FEMALE,ISTANBUL,2020/02/07,2020,2,February
28,Standard,Early Adults,CSTMR0338,MARMARA,MALE,BURSA,2020/09/29,2020,9,September
31,Standard,Early Adults,CSTMR0339,AEGEAN,MALE,IZMIR,2022/12/14,2022,12,December
40,Standard,Middle Adults,CSTMR0340,MARMARA,MALE,KOCAELI,2021/08/16,2021,8,August
51,Premium,Late Adults,CSTMR0341,MARMARA,FEMALE,ISTANBUL,2021/10/25,2021,10,October
20,Standard,Young Adults,CSTMR0342,AEGEAN,MALE,AYDIN,2022/07/15,2022,7,July
27,Standard,Early Adults,CSTMR0343,AEGEAN,FEMALE,AYDIN,2021/04/25,2021,4,April
34,Premium,Early Adults,CSTMR0344,AEGEAN,MALE,IZMIR,2022/02/01,2022,2,February
27,Standard,Early Adults,CSTMR0345,AEGEAN,MALE,IZMIR,2021/10/21,2021,10,October
31,Premium,Early Adults,CSTMR0346,MARMARA,MALE,BURSA,2020/03/18,2020,3,March
42,Premium,Middle Adults,CSTMR0347,MARMARA,MALE,ISTANBUL,2020/09/10,2020,9,September
38,Standard,Middle Adults,CSTMR0348,MEDITERRANEAN,MALE,ANTALYA,2021/07/16,2021,7,July
50,VIP,Late Adults,CSTMR0349,CENTRAL ANATOLIA,FEMALE,ANKARA,2020/02/18,2020,2,February
35,Standard,Early Adults,CSTMR0350,AEGEAN,MALE,AYDIN,2021/09/29,2021,9,September
57,Standard,Late Adults,CSTMR0351,CENTRAL ANATOLIA,MALE,ANKARA,2021/11/16,2021,11,November
32,Standard,Early Adults,CSTMR0352,CENTRAL ANATOLIA,MALE,ANKARA,2022/09/11,2022,9,September
36,Premium,Middle Adults,CSTMR0353,MARMARA,FEMALE,ISTANBUL,2020/06/11,2020,6,June
35,Standard,Early Adults,CSTMR0354,MEDITERRANEAN,FEMALE,ADANA,2020/07/23,2020,7,July
50,Standard,Late Adults,CSTMR0355,MARMARA,FEMALE,ISTANBUL,2021/11/20,2021,11,November
62,VIP,Older Adults,CSTMR0356,CENTRAL ANATOLIA,MALE,ESKISEHIR,2021/11/02,2021,11,November
46,Premium,Late Adults,CSTMR0357,MARMARA,MALE,ISTANBUL,2021/05/06,2021,5,May
39,Premium,Middle Adults,CSTMR0358,MARMARA,FEMALE,KOCAELI,2020/01/21,2020,1,January
41,Standard,Middle Adults,CSTMR0359,MARMARA,MALE,BURSA,2022/05/02,2022,5,May
21,Standard,Young Adults,CSTMR0360,MARMARA,FEMALE,ISTANBUL,2021/09/20,2021,9,September
40,Premium,Middle Adults,CSTMR0361,MARMARA,MALE,KOCAELI,2021/07/26,2021,7,July
51,Standard,Late Adults,CSTMR0362,MARMARA,MALE,ISTANBUL,2020/06/25,2020,6,June
25,Premium,Young Adults,CSTMR0363,MARMARA,MALE,ISTANBUL,2020/01/22,2020,1,January
18,Standard,Young Adults,CSTMR0364,MARMARA,MALE,BURSA,2021/03/10,2021,3,March
38,Premium,Middle Adults,CSTMR0365,CENTRAL ANATOLIA,FEMALE,ANKARA,2021/09/02,2021,9,September
29,Standard,Early Adults,CSTMR0366,MARMARA,MALE,ISTANBUL,2021/01/25,2021,1,January
47,Premium,Late Adults,CSTMR0367,MARMARA,MALE,ISTANBUL,2022/01/13,2022,1,January
47,Premium,Late Adults,CSTMR0368,CENTRAL ANATOLIA,MALE,ANKARA,2022/09/27,2022,9,September
59,Standard,Late Adults,CSTMR0369,MARMARA,MALE,ISTANBUL,2022/03/12,2022,3,March
62,Standard,Older Adults,CSTMR0370,MARMARA,FEMALE,ISTANBUL,2021/08/23,2021,8,August
21,Premium,Young Adults,CSTMR0371,MARMARA,FEMALE,ISTANBUL,2020/01/08,2020,1,January
34,Standard,Early Adults,CSTMR0372,AEGEAN,MALE,IZMIR,2022/12/31,2022,12,December
38,Standard,Middle Adults,CSTMR0373,MARMARA,MALE,ISTANBUL,2021/04/12,2021,4,April
48,Standard,Late Adults,CSTMR0374,AEGEAN,MALE,IZMIR,2022/05/26,2022,5,May
31,Standard,Early Adults,CSTMR0375,CENTRAL ANATOLIA,FEMALE,ESKISEHIR,2021/11/18,2021,11,November
31,Premium,Early Adults,CSTMR0376,AEGEAN,FEMALE,IZMIR,2021/06/27,2021,6,June
25,Premium,Young Adults,CSTMR0377,AEGEAN,FEMALE,AYDIN,2023/03/31,2023,3,March
37,Premium,Middle Adults,CSTMR0378,MARMARA,FEMALE,BURSA,2020/09/03,2020,9,September
31,Premium,Early Adults,CSTMR0379,MARMARA,FEMALE,BURSA,2020/08/14,2020,8,August
44,Standard,Middle Adults,CSTMR0380,CENTRAL ANATOLIA,MALE,ANKARA,2021/10/07,2021,10,October
53,Premium,Late Adults,CSTMR0381,MARMARA,FEMALE,BURSA,2021/12/25,2021,12,December
36,Standard,Middle Adults,CSTMR0382,CENTRAL ANATOLIA,FEMALE,ANKARA,2022/12/09,2022,12,December
40,Standard,Middle Adults,CSTMR0383,MARMARA,FEMALE,BURSA,2021/06/29,2021,6,June
32,Standard,Early Adults,CSTMR0384,CENTRAL ANATOLIA,FEMALE,ANKARA,2022/10/08,2022,10,October
47,Premium,Late Adults,CSTMR0385,CENTRAL ANATOLIA,FEMALE,ANKARA,2022/07/19,2022,7,July
45,Standard,Middle Adults,CSTMR0386,MARMARA,MALE,ISTANBUL,2021/04/27,2021,4,April
41,Standard,Middle Adults,CSTMR0387,MARMARA,FEMALE,ISTANBUL,2022/08/25,2022,8,August
34,Standard,Early Adults,CSTMR0388,MARMARA,MALE,ISTANBUL,2021/03/17,2021,3,March
50,Premium,Late Adults,CSTMR0389,MEDITERRANEAN,FEMALE,ANTALYA,2021/04/04,2021,4,April
22,Premium,Young Adults,CSTMR0390,MARMARA,MALE,ISTANBUL,2020/07/28,2020,7,July
19,Standard,Young Adults,CSTMR0391,MARMARA,MALE,ISTANBUL,2021/05/15,2021,5,May
20,Standard,Young Adults,CSTMR0392,MEDITERRANEAN,FEMALE,ADANA,2021/08/18,2021,8,August
42,Premium,Middle Adults,CSTMR0393,MEDITERRANEAN,MALE,ADANA,2022/06/17,2022,6,June
29,Premium,Early Adults,CSTMR0394,MARMARA,MALE,ISTANBUL,2022/12/22,2022,12,December
64,Standard,Older Adults,CSTMR0395,MARMARA,MALE,BURSA,2023/02/17,2023,2,February
44,Standard,Middle Adults,CSTMR0396,MARMARA,FEMALE,ISTANBUL,2020/10/12,2020,10,October
47,Premium,Late Adults,CSTMR0397,MARMARA,FEMALE,ISTANBUL,2022/09/27,2022,9,September
31,Premium,Early Adults,CSTMR0398,MARMARA,MALE,ISTANBUL,2020/08/03,2020,8,August
23,Premium,Young Adults,CSTMR0399,MEDITERRANEAN,MALE,ADANA,2021/11/25,2021,11,November
22,VIP,Young Adults,CSTMR0400,MARMARA,MALE,ISTANBUL,2020/09/24,2020,9,September
38,VIP,Middle Adults,CSTMR0401,MARMARA,FEMALE,ISTANBUL,2022/10/09,2022,10,October
51,VIP,Late Adults,CSTMR0402,AEGEAN,FEMALE,IZMIR,2022/09/03,2022,9,September
24,Premium,Young Adults,CSTMR0403,MARMARA,FEMALE,ISTANBUL,2022/03/30,2022,3,March
36,Standard,Middle Adults,CSTMR0404,AEGEAN,MALE,IZMIR,2021/05/19,2021,5,May
26,VIP,Early Adults,CSTMR0405,MARMARA,MALE,BURSA,2021/08/01,2021,8,August
38,Standard,Middle Adults,CSTMR0406,AEGEAN,OTHER,IZMIR,2022/08/08,2022,8,August
48,Standard,Late Adults,CSTMR0407,MARMARA,FEMALE,ISTANBUL,2021/07/26,2021,7,July
35,Standard,Early Adults,CSTMR0408,MARMARA,OTHER,ISTANBUL,2020/12/27,2020,12,December
21,Standard,Young Adults,CSTMR0409,AEGEAN,FEMALE,IZMIR,2022/01/18,2022,1,January
37,Standard,Middle Adults,CSTMR0410,MARMARA,FEMALE,KOCAELI,2020/02/18,2020,2,February
51,Standard,Late Adults,CSTMR0411,AEGEAN,FEMALE,IZMIR,2020/11/13,2020,11,November
31,Standard,Early Adults,CSTMR0412,MARMARA,MALE,ISTANBUL,2022/03/27,2022,3,March
39,Standard,Middle Adults,CSTMR0413,CENTRAL ANATOLIA,MALE,ANKARA,2021/01/31,2021,1,January
18,Standard,Young Adults,CSTMR0414,MARMARA,FEMALE,BURSA,2020/05/06,2020,5,May
18,Standard,Young Adults,CSTMR0415,CENTRAL ANATOLIA,MALE,ESKISEHIR,2023/02/06,2023,2,February
18,Premium,Young Adults,CSTMR0416,CENTRAL ANATOLIA,MALE,ANKARA,2020/12/04,2020,12,December
47,Premium,Late Adults,CSTMR0417,MARMARA,FEMALE,ISTANBUL,2022/04/29,2022,4,April
44,Standard,Middle Adults,CSTMR0418,CENTRAL ANATOLIA,FEMALE,ANKARA,2021/02/23,2021,2,February
56,Standard,Late Adults,CSTMR0419,MARMARA,MALE,ISTANBUL,2021/10/16,2021,10,October
32,Standard,Early Adults,CSTMR0420,AEGEAN,FEMALE,IZMIR,2020/07/20,2020,7,July
40,Premium,Middle Adults,CSTMR0421,CENTRAL ANATOLIA,MALE,ANKARA,2023/01/12,2023,1,January
47,Standard,Late Adults,CSTMR0422,MARMARA,MALE,KOCAELI,2021/01/21,2021,1,January
37,Premium,Middle Adults,CSTMR0423,MARMARA,MALE,ISTANBUL,2022/09/12,2022,9,September
35,Premium,Early Adults,CSTMR0424,MARMARA,MALE,ISTANBUL,2022/07/09,2022,7,July
43,Standard,Middle Adults,CSTMR0425,MARMARA,FEMALE,BURSA,2021/02/09,2021,2,February
48,Premium,Late Adults,CSTMR0426,CENTRAL ANATOLIA,FEMALE,ANKARA,2022/11/19,2022,11,November
41,Premium,Middle Adults,CSTMR0427,CENTRAL ANATOLIA,FEMALE,ESKISEHIR,2022/12/22,2022,12,December
41,Premium,Middle Adults,CSTMR0428,MARMARA,MALE,ISTANBUL,2023/02/15,2023,2,February
24,Standard,Young Adults,CSTMR0429,MARMARA,MALE,BURSA,2021/02/24,2021,2,February
33,Standard,Early Adults,CSTMR0430,MARMARA,MALE,ISTANBUL,2022/07/02,2022,7,July
36,Standard,Middle Adults,CSTMR0431,MARMARA,MALE,ISTANBUL,2021/07/29,2021,7,July
29,Standard,Early Adults,CSTMR0432,MARMARA,FEMALE,ISTANBUL,2022/12/04,2022,12,December
38,VIP,Middle Adults,CSTMR0433,MARMARA,FEMALE,ISTANBUL,2023/03/24,2023,3,March
43,Standard,Middle Adults,CSTMR0434,MARMARA,MALE,BURSA,2020/09/18,2020,9,September
44,Standard,Middle Adults,CSTMR0435,MARMARA,FEMALE,ISTANBUL,2020/06/18,2020,6,June
34,VIP,Early Adults,CSTMR0436,MARMARA,MALE,BURSA,2022/02/24,2022,2,February
19,Standard,Young Adults,CSTMR0437,MARMARA,OTHER,ISTANBUL,2020/08/03,2020,8,August
20,Premium,Young Adults,CSTMR0438,MARMARA,MALE,KOCAELI,2020/12/30,2020,12,December
18,Standard,Young Adults,CSTMR0439,MARMARA,FEMALE,ISTANBUL,2022/01/31,2022,1,January
31,Standard,Early Adults,CSTMR0440,MARMARA,MALE,ISTANBUL,2020/10/26,2020,10,October
41,Standard,Middle Adults,CSTMR0441,BLACK SEA,MALE,TRABZON,2022/06/27,2022,6,June
23,Standard,Young Adults,CSTMR0442,MARMARA,MALE,BURSA,2020/09/29,2020,9,September
50,Standard,Late Adults,CSTMR0443,MARMARA,FEMALE,BURSA,2022/09/25,2022,9,September
30,Standard,Early Adults,CSTMR0444,MARMARA,MALE,KOCAELI,2020/06/12,2020,6,June
57,Premium,Late Adults,CSTMR0445,MARMARA,FEMALE,BURSA,2023/03/09,2023,3,March
56,Standard,Late Adults,CSTMR0446,MARMARA,MALE,KOCAELI,2022/09/03,2022,9,September
38,Standard,Middle Adults,CSTMR0447,MARMARA,MALE,ISTANBUL,2022/03/30,2022,3,March
45,Standard,Middle Adults,CSTMR0448,MARMARA,MALE,BURSA,2023/01/30,2023,1,January
62,Premium,Older Adults,CSTMR0449,CENTRAL ANATOLIA,MALE,ESKISEHIR,2021/05/13,2021,5,May
24,Premium,Young Adults,CSTMR0450,MEDITERRANEAN,FEMALE,ADANA,2020/03/22,2020,3,March
53,Premium,Late Adults,CSTMR0451,MARMARA,FEMALE,KOCAELI,2021/05/25,2021,5,May
42,Standard,Middle Adults,CSTMR0452,MARMARA,FEMALE,BURSA,2022/05/30,2022,5,May
24,VIP,Young Adults,CSTMR0453,MARMARA,MALE,ISTANBUL,2022/07/31,2022,7,July
27,Standard,Early Adults,CSTMR0454,MARMARA,MALE,ISTANBUL,2021/04/24,2021,4,April
38,Premium,Middle Adults,CSTMR0455,AEGEAN,FEMALE,IZMIR,2020/10/03,2020,10,October
50,Premium,Late Adults,CSTMR0456,MARMARA,MALE,ISTANBUL,2021/11/26,2021,11,November
52,Premium,Late Adults,CSTMR0457,MARMARA,MALE,ISTANBUL,2020/05/20,2020,5,May
20,Premium,Young Adults,CSTMR0458,AEGEAN,MALE,IZMIR,2023/02/24,2023,2,February
35,Standard,Early Adults,CSTMR0459,AEGEAN,FEMALE,AYDIN,2021/02/17,2021,2,February
27,VIP,Early Adults,CSTMR0460,MARMARA,MALE,KOCAELI,2022/06/28,2022,6,June
18,Standard,Young Adults,CSTMR0461,MARMARA,MALE,ISTANBUL,2021/01/09,2021,1,January
40,Standard,Middle Adults,CSTMR0462,MARMARA,FEMALE,KOCAELI,2020/11/17,2020,11,November
26,Standard,Early Adults,CSTMR0463,MARMARA,FEMALE,ISTANBUL,2022/06/22,2022,6,June
28,Premium,Early Adults,CSTMR0464,MARMARA,MALE,ISTANBUL,2022/01/02,2022,1,January
20,Premium,Young Adults,CSTMR0465,MARMARA,FEMALE,ISTANBUL,2022/12/12,2022,12,December
41,Standard,Middle Adults,CSTMR0466,MARMARA,MALE,ISTANBUL,2020/07/01,2020,7,July
59,Standard,Late Adults,CSTMR0467,MARMARA,MALE,ISTANBUL,2020/08/06,2020,8,August
52,Standard,Late Adults,CSTMR0468,MARMARA,MALE,ISTANBUL,2020/02/22,2020,2,February
24,Standard,Young Adults,CSTMR0469,CENTRAL ANATOLIA,MALE,ANKARA,2022/11/01,2022,11,November
38,Standard,Middle Adults,CSTMR0470,MARMARA,MALE,ISTANBUL,2020/12/19,2020,12,December
27,Standard,Early Adults,CSTMR0471,MARMARA,MALE,ISTANBUL,2023/03/23,2023,3,March
35,Standard,Early Adults,CSTMR0472,CENTRAL ANATOLIA,MALE,ESKISEHIR,2023/01/16,2023,1,January
47,Standard,Late Adults,CSTMR0473,MARMARA,FEMALE,ISTANBUL,2021/09/24,2021,9,September
27,VIP,Early Adults,CSTMR0474,CENTRAL ANATOLIA,MALE,ANKARA,2021/03/03,2021,3,March
36,Premium,Middle Adults,CSTMR0475,MARMARA,FEMALE,BURSA,2021/11/21,2021,11,November
45,Premium,Middle Adults,CSTMR0476,MARMARA,MALE,KOCAELI,2022/07/17,2022,7,July
27,VIP,Early Adults,CSTMR0477,MARMARA,MALE,ISTANBUL,2020/08/22,2020,8,August
42,Standard,Middle Adults,CSTMR0478,CENTRAL ANATOLIA,MALE,ANKARA,2021/03/06,2021,3,March
64,VIP,Older Adults,CSTMR0479,BLACK SEA,FEMALE,TRABZON,2022/07/01,2022,7,July
33,Standard,Early Adults,CSTMR0480,MARMARA,FEMALE,KOCAELI,2020/08/14,2020,8,August
32,Standard,Early Adults,CSTMR0481,CENTRAL ANATOLIA,MALE,ANKARA,2020/01/31,2020,1,January
55,Premium,Late Adults,CSTMR0482,CENTRAL ANATOLIA,MALE,ANKARA,2022/09/08,2022,9,September
46,Premium,Late Adults,CSTMR0483,MARMARA,FEMALE,ISTANBUL,2022/10/23,2022,10,October
36,Standard,Middle Adults,CSTMR0484,MARMARA,FEMALE,BURSA,2021/05/02,2021,5,May
50,Premium,Late Adults,CSTMR0485,CENTRAL ANATOLIA,FEMALE,ANKARA,2021/07/18,2021,7,July
44,Standard,Middle Adults,CSTMR0486,MARMARA,FEMALE,ISTANBUL,2023/01/30,2023,1,January
35,VIP,Early Adults,CSTMR0487,MARMARA,FEMALE,KOCAELI,2020/04/20,2020,4,April
26,VIP,Early Adults,CSTMR0488,MARMARA,FEMALE,ISTANBUL,2021/06/24,2021,6,June
62,Standard,Older Adults,CSTMR0489,MARMARA,FEMALE,ISTANBUL,2023/03/25,2023,3,March
40,Standard,Middle Adults,CSTMR0490,MARMARA,MALE,ISTANBUL,2020/06/23,2020,6,June
49,Standard,Late Adults,CSTMR0491,MARMARA,MALE,KOCAELI,2022/01/25,2022,1,January
29,VIP,Early Adults,CSTMR0492,AEGEAN,MALE,IZMIR,2021/07/01,2021,7,July
40,Standard,Middle Adults,CSTMR0493,CENTRAL ANATOLIA,FEMALE,ANKARA,2022/12/04,2022,12,December
40,Premium,Middle Adults,CSTMR0494,MARMARA,MALE,ISTANBUL,2021/05/03,2021,5,May
29,VIP,Early Adults,CSTMR0495,AEGEAN,MALE,IZMIR,2021/05/30,2021,5,May
37,Premium,Middle Adults,CSTMR0496,CENTRAL ANATOLIA,MALE,ANKARA,2021/08/30,2021,8,August
55,Standard,Late Adults,CSTMR0497,MARMARA,FEMALE,ISTANBUL,2023/01/18,2023,1,January
41,Standard,Middle Adults,CSTMR0498,AEGEAN,MALE,IZMIR,2021/05/21,2021,5,May
43,VIP,Middle Adults,CSTMR0499,MARMARA,MALE,BURSA,2021/05/05,2021,5,May
51,Premium,Late Adults,CSTMR0500,MARMARA,FEMALE,ISTANBUL,2021/07/12,2021,7,July
43,Standard,Middle Adults,CSTMR0501,MARMARA,FEMALE,KOCAELI,2020/12/26,2020,12,December
40,VIP,Middle Adults,CSTMR0502,MEDITERRANEAN,FEMALE,ANTALYA,2020/01/15,2020,1,January
39,Standard,Middle Adults,CSTMR0503,MEDITERRANEAN,FEMALE,ANTALYA,2021/03/21,2021,3,March
42,Standard,Middle Adults,CSTMR0504,MARMARA,FEMALE,BURSA,2020/01/03,2020,1,January
43,Standard,Middle Adults,CSTMR0505,MARMARA,MALE,ISTANBUL,2020/09/28,2020,9,September
42,Standard,Middle Adults,CSTMR0506,MARMARA,MALE,BURSA,2023/01/18,2023,1,January
47,VIP,Late Adults,CSTMR0507,MARMARA,MALE,ISTANBUL,2022/05/19,2022,5,May
37,Standard,Middle Adults,CSTMR0508,MARMARA,MALE,ISTANBUL,2022/06/01,2022,6,June
27,Standard,Early Adults,CSTMR0509,MEDITERRANEAN,MALE,ANTALYA,2022/07/18,2022,7,July
56,Standard,Late Adults,CSTMR0510,MARMARA,FEMALE,KOCAELI,2021/05/09,2021,5,May
44,Standard,Middle Adults,CSTMR0511,AEGEAN,FEMALE,IZMIR,2021/02/24,2021,2,February
43,Premium,Middle Adults,CSTMR0512,MEDITERRANEAN,FEMALE,ANTALYA,2020/06/19,2020,6,June
38,Standard,Middle Adults,CSTMR0513,CENTRAL ANATOLIA,FEMALE,ANKARA,2022/02/28,2022,2,February
22,Standard,Young Adults,CSTMR0514,MARMARA,FEMALE,KOCAELI,2023/11/04,2023,11,November
46,Standard,Late Adults,CSTMR0515,BLACK SEA,MALE,TRABZON,2021/08/23,2021,8,August
35,Standard,Early Adults,CSTMR0516,MARMARA,FEMALE,BURSA,2021/09/20,2021,9,September
18,Standard,Young Adults,CSTMR0517,AEGEAN,FEMALE,IZMIR,2021/11/15,2021,11,November
32,VIP,Early Adults,CSTMR0518,MARMARA,MALE,BURSA,2020/11/19,2020,11,November
28,Standard,Early Adults,CSTMR0519,MEDITERRANEAN,MALE,ANTALYA,2020/12/19,2020,12,December
46,Standard,Late Adults,CSTMR0520,MARMARA,MALE,BURSA,2021/12/10,2021,12,December
49,VIP,Late Adults,CSTMR0521,MARMARA,MALE,ISTANBUL,2020/07/17,2020,7,July
32,Premium,Early Adults,CSTMR0522,CENTRAL ANATOLIA,MALE,ESKISEHIR,2021/02/08,2021,2,February
39,Standard,Middle Adults,CSTMR0523,MARMARA,FEMALE,ISTANBUL,2021/07/06,2021,7,July
49,VIP,Late Adults,CSTMR0524,MARMARA,FEMALE,ISTANBUL,2021/04/19,2021,4,April
18,Premium,Young Adults,CSTMR0525,CENTRAL ANATOLIA,FEMALE,ANKARA,2020/09/02,2020,9,September
40,Standard,Middle Adults,CSTMR0526,CENTRAL ANATOLIA,MALE,ANKARA,2021/06/19,2021,6,June
39,Standard,Middle Adults,CSTMR0527,MARMARA,MALE,ISTANBUL,2020/05/10,2020,5,May
50,Standard,Late Adults,CSTMR0528,MARMARA,FEMALE,KOCAELI,2021/11/11,2021,11,November
29,Standard,Early Adults,CSTMR0529,MEDITERRANEAN,FEMALE,ADANA,2021/01/25,2021,1,January
38,Premium,Middle Adults,CSTMR0530,MARMARA,FEMALE,BURSA,2021/01/18,2021,1,January
52,Premium,Late Adults,CSTMR0531,CENTRAL ANATOLIA,MALE,ANKARA,2020/01/11,2020,1,January
47,Standard,Late Adults,CSTMR0532,MARMARA,FEMALE,ISTANBUL,2020/07/24,2020,7,July
46,Standard,Late Adults,CSTMR0533,MARMARA,FEMALE,KOCAELI,2022/01/22,2022,1,January
28,Premium,Early Adults,CSTMR0534,CENTRAL ANATOLIA,FEMALE,ANKARA,2020/02/01,2020,2,February
44,VIP,Middle Adults,CSTMR0535,MARMARA,FEMALE,ISTANBUL,2021/05/19,2021,5,May
39,Premium,Middle Adults,CSTMR0536,AEGEAN,MALE,IZMIR,2022/07/05,2022,7,July
27,Premium,Early Adults,CSTMR0537,MEDITERRANEAN,MALE,ADANA,2022/06/13,2022,6,June
44,Standard,Middle Adults,CSTMR0538,AEGEAN,FEMALE,AYDIN,2022/10/21,2022,10,October
32,Standard,Early Adults,CSTMR0539,MARMARA,FEMALE,ISTANBUL,2021/11/11,2021,11,November
49,Premium,Late Adults,CSTMR0540,MARMARA,MALE,ISTANBUL,2020/09/01,2020,9,September
43,Standard,Middle Adults,CSTMR0541,MEDITERRANEAN,FEMALE,ANTALYA,2020/03/05,2020,3,March
58,Standard,Late Adults,CSTMR0542,MARMARA,MALE,KOCAELI,2022/05/13,2022,5,May
37,Standard,Middle Adults,CSTMR0543,MARMARA,MALE,ISTANBUL,2022/07/13,2022,7,July
43,Standard,Middle Adults,CSTMR0544,MEDITERRANEAN,FEMALE,ANTALYA,2020/04/12,2020,4,April
25,Standard,Young Adults,CSTMR0545,MEDITERRANEAN,FEMALE,ANTALYA,2021/10/20,2021,10,October
37,Standard,Middle Adults,CSTMR0546,CENTRAL ANATOLIA,FEMALE,ANKARA,2023/01/23,2023,1,January
42,VIP,Middle Adults,CSTMR0547,CENTRAL ANATOLIA,FEMALE,ANKARA,2021/02/06,2021,2,February
47,Standard,Late Adults,CSTMR0548,CENTRAL ANATOLIA,MALE,ANKARA,2022/10/11,2022,10,October
33,Standard,Early Adults,CSTMR0549,MARMARA,FEMALE,KOCAELI,2023/02/23,2023,2,February
39,Premium,Middle Adults,CSTMR0550,MARMARA,FEMALE,BURSA,2022/06/20,2022,6,June
29,Premium,Early Adults,CSTMR0551,CENTRAL ANATOLIA,FEMALE,ANKARA,2020/02/19,2020,2,February
36,VIP,Middle Adults,CSTMR0552,MARMARA,FEMALE,ISTANBUL,2021/07/12,2021,7,July
46,Premium,Late Adults,CSTMR0553,MARMARA,FEMALE,ISTANBUL,2020/08/02,2020,8,August
48,VIP,Late Adults,CSTMR0554,MARMARA,FEMALE,ISTANBUL,2022/11/18,2022,11,November
42,Premium,Middle Adults,CSTMR0555,MARMARA,MALE,ISTANBUL,2021/11/11,2021,11,November
37,Standard,Middle Adults,CSTMR0556,MARMARA,MALE,BURSA,2022/10/15,2022,10,October
46,Premium,Late Adults,CSTMR0557,MARMARA,OTHER,KOCAELI,2020/06/14,2020,6,June
54,Standard,Late Adults,CSTMR0558,MARMARA,MALE,ISTANBUL,2021/10/30,2021,10,October
59,Premium,Late Adults,CSTMR0559,MARMARA,MALE,BURSA,2021/01/01,2021,1,January
30,Premium,Early Adults,CSTMR0560,AEGEAN,FEMALE,AYDIN,2023/03/03,2023,3,March
47,Standard,Late Adults,CSTMR0561,MARMARA,FEMALE,ISTANBUL,2020/09/04,2020,9,September
56,Standard,Late Adults,CSTMR0562,MARMARA,FEMALE,ISTANBUL,2021/08/17,2021,8,August
35,Standard,Early Adults,CSTMR0563,AEGEAN,FEMALE,IZMIR,2021/09/01,2021,9,September
41,Standard,Middle Adults,CSTMR0564,AEGEAN,MALE,IZMIR,2020/10/27,2020,10,October
44,Premium,Middle Adults,CSTMR0565,MARMARA,FEMALE,BURSA,2020/02/15,2020,2,February
37,Premium,Middle Adults,CSTMR0566,MEDITERRANEAN,MALE,ADANA,2021/10/18,2021,10,October
46,Standard,Late Adults,CSTMR0567,MARMARA,FEMALE,ISTANBUL,2021/01/01,2021,1,January
34,Premium,Early Adults,CSTMR0568,AEGEAN,MALE,AYDIN,2022/07/03,2022,7,July
22,Premium,Young Adults,CSTMR0569,AEGEAN,FEMALE,AYDIN,2020/02/08,2020,2,February
46,Standard,Late Adults,CSTMR0570,AEGEAN,FEMALE,AYDIN,2022/06/12,2022,6,June
35,Standard,Early Adults,CSTMR0571,MARMARA,MALE,BURSA,2023/03/30,2023,3,March
46,VIP,Late Adults,CSTMR0572,MEDITERRANEAN,MALE,ANTALYA,2021/09/30,2021,9,September
21,VIP,Young Adults,CSTMR0573,AEGEAN,FEMALE,IZMIR,2022/04/12,2022,4,April
40,VIP,Middle Adults,CSTMR0574,MARMARA,FEMALE,ISTANBUL,2021/08/05,2021,8,August
50,Premium,Late Adults,CSTMR0575,MARMARA,MALE,ISTANBUL,2022/03/06,2022,3,March
66,Premium,Older Adults,CSTMR0576,MARMARA,FEMALE,ISTANBUL,2022/02/05,2022,2,February
50,Standard,Late Adults,CSTMR0577,MARMARA,FEMALE,KOCAELI,2020/01/04,2020,1,January
43,Standard,Middle Adults,CSTMR0578,CENTRAL ANATOLIA,MALE,ANKARA,2022/02/10,2022,2,February
32,Standard,Early Adults,CSTMR0579,MARMARA,MALE,ISTANBUL,2023/02/26,2023,2,February
37,Standard,Middle Adults,CSTMR0580,AEGEAN,FEMALE,IZMIR,2022/11/27,2022,11,November
48,Standard,Late Adults,CSTMR0581,CENTRAL ANATOLIA,MALE,ANKARA,2022/03/13,2022,3,March
49,Standard,Late Adults,CSTMR0582,MEDITERRANEAN,MALE,ANTALYA,2020/10/09,2020,10,October
21,Standard,Young Adults,CSTMR0583,CENTRAL ANATOLIA,MALE,ANKARA,2020/06/01,2020,6,June
22,Standard,Young Adults,CSTMR0584,CENTRAL ANATOLIA,FEMALE,ANKARA,2021/09/13,2021,9,September
35,Standard,Early Adults,CSTMR0585,AEGEAN,FEMALE,IZMIR,2021/06/30,2021,6,June
27,Premium,Early Adults,CSTMR0586,CENTRAL ANATOLIA,MALE,ANKARA,2020/03/27,2020,3,March
33,Standard,Early Adults,CSTMR0587,AEGEAN,MALE,IZMIR,2021/10/14,2021,10,October
57,Standard,Late Adults,CSTMR0588,MARMARA,FEMALE,KOCAELI,2022/12/04,2022,12,December
49,Standard,Late Adults,CSTMR0589,MARMARA,MALE,KOCAELI,2021/10/23,2021,10,October
49,Standard,Late Adults,CSTMR0590,MARMARA,MALE,BURSA,2021/02/19,2021,2,February
28,Standard,Early Adults,CSTMR0591,MARMARA,FEMALE,ISTANBUL,2022/10/31,2022,10,October
34,Premium,Early Adults,CSTMR0592,MARMARA,FEMALE,BURSA,2020/05/26,2020,5,May
41,Premium,Middle Adults,CSTMR0593,MARMARA,MALE,BURSA,2022/08/15,2022,8,August
38,Standard,Middle Adults,CSTMR0594,MARMARA,FEMALE,BURSA,2022/09/28,2022,9,September
50,Premium,Late Adults,CSTMR0595,AEGEAN,FEMALE,IZMIR,2020/08/26,2020,8,August
35,VIP,Early Adults,CSTMR0596,MARMARA,FEMALE,ISTANBUL,2022/07/13,2022,7,July
25,VIP,Young Adults,CSTMR0597,CENTRAL ANATOLIA,MALE,ANKARA,2022/10/27,2022,10,October
38,Premium,Middle Adults,CSTMR0598,CENTRAL ANATOLIA,MALE,ANKARA,2021/06/12,2021,6,June
49,Standard,Late Adults,CSTMR0599,MARMARA,FEMALE,ISTANBUL,2022/04/03,2022,4,April
35,Standard,Early Adults,CSTMR0600,AEGEAN,MALE,AYDIN,2021/09/23,2021,9,September
34,Standard,Early Adults,CSTMR0601,MARMARA,MALE,ISTANBUL,2021/09/21,2021,9,September
42,Standard,Middle Adults,CSTMR0602,MARMARA,FEMALE,ISTANBUL,2022/08/19,2022,8,August
37,Standard,Middle Adults,CSTMR0603,AEGEAN,MALE,IZMIR,2021/10/19,2021,10,October
35,Standard,Early Adults,CSTMR0604,MARMARA,FEMALE,ISTANBUL,2021/06/17,2021,6,June
45,Standard,Middle Adults,CSTMR0605,MARMARA,FEMALE,KOCAELI,2022/12/08,2022,12,December
43,VIP,Middle Adults,CSTMR0606,CENTRAL ANATOLIA,FEMALE,ANKARA,2020/11/30,2020,11,November
37,Standard,Middle Adults,CSTMR0607,MARMARA,FEMALE,ISTANBUL,2020/07/24,2020,7,July
31,Premium,Early Adults,CSTMR0608,MARMARA,MALE,BURSA,2022/04/22,2022,4,April
35,Standard,Early Adults,CSTMR0609,MARMARA,FEMALE,ISTANBUL,2023/02/21,2023,2,February
63,Standard,Older Adults,CSTMR0610,MARMARA,FEMALE,ISTANBUL,2023/03/05,2023,3,March
18,Premium,Young Adults,CSTMR0611,AEGEAN,FEMALE,IZMIR,2021/04/29,2021,4,April
41,Premium,Middle Adults,CSTMR0612,MARMARA,FEMALE,BURSA,2023/01/20,2023,1,January
42,Premium,Middle Adults,CSTMR0613,CENTRAL ANATOLIA,FEMALE,ANKARA,2022/06/17,2022,6,June
40,Standard,Middle Adults,CSTMR0614,CENTRAL ANATOLIA,FEMALE,ANKARA,2022/07/26,2022,7,July
28,Premium,Early Adults,CSTMR0615,AEGEAN,MALE,IZMIR,2022/11/29,2022,11,November
56,Standard,Late Adults,CSTMR0616,CENTRAL ANATOLIA,MALE,ANKARA,2021/10/11,2021,10,October
40,VIP,Middle Adults,CSTMR0617,MARMARA,FEMALE,BURSA,2022/07/05,2022,7,July
32,Standard,Early Adults,CSTMR0618,MARMARA,MALE,BURSA,2020/03/02,2020,3,March
40,Standard,Middle Adults,CSTMR0619,MARMARA,MALE,ISTANBUL,2021/11/15,2021,11,November
44,Standard,Middle Adults,CSTMR0620,MARMARA,MALE,ISTANBUL,2022/11/07,2022,11,November
50,Standard,Late Adults,CSTMR0621,CENTRAL ANATOLIA,FEMALE,ANKARA,2022/06/05,2022,6,June
44,Standard,Middle Adults,CSTMR0622,AEGEAN,FEMALE,IZMIR,2020/07/22,2020,7,July
18,Standard,Young Adults,CSTMR0623,MARMARA,FEMALE,BURSA,2021/08/30,2021,8,August
34,Standard,Early Adults,CSTMR0624,MARMARA,MALE,ISTANBUL,2021/11/20,2021,11,November
38,Premium,Middle Adults,CSTMR0625,AEGEAN,OTHER,AYDIN,2021/03/30,2021,3,March
20,Premium,Young Adults,CSTMR0626,CENTRAL ANATOLIA,MALE,ANKARA,2020/11/26,2020,11,November
45,Standard,Middle Adults,CSTMR0627,MARMARA,FEMALE,ISTANBUL,2022/05/08,2022,5,May
50,Standard,Late Adults,CSTMR0628,MARMARA,FEMALE,BURSA,2022/03/13,2022,3,March
42,Standard,Middle Adults,CSTMR0629,MARMARA,FEMALE,ISTANBUL,2021/05/15,2021,5,May
55,Standard,Late Adults,CSTMR0630,CENTRAL ANATOLIA,MALE,ANKARA,2020/04/23,2020,4,April
38,Premium,Middle Adults,CSTMR0631,MARMARA,MALE,ISTANBUL,2021/05/29,2021,5,May
24,Premium,Young Adults,CSTMR0632,AEGEAN,FEMALE,IZMIR,2021/06/20,2021,6,June
48,VIP,Late Adults,CSTMR0633,MARMARA,MALE,ISTANBUL,2022/12/07,2022,12,December
52,Premium,Late Adults,CSTMR0634,MEDITERRANEAN,MALE,ANTALYA,2021/11/25,2021,11,November
18,VIP,Young Adults,CSTMR0635,MARMARA,FEMALE,KOCAELI,2023/02/10,2023,2,February
21,Premium,Young Adults,CSTMR0636,MARMARA,FEMALE,KOCAELI,2020/10/14,2020,10,October
25,Standard,Young Adults,CSTMR0637,MEDITERRANEAN,MALE,ANTALYA,2020/10/03,2020,10,October
55,Standard,Late Adults,CSTMR0638,AEGEAN,MALE,IZMIR,2022/06/05,2022,6,June
42,Standard,Middle Adults,CSTMR0639,AEGEAN,MALE,IZMIR,2021/07/09,2021,7,July
25,Standard,Young Adults,CSTMR0640,AEGEAN,MALE,IZMIR,2020/04/02,2020,4,April
35,Standard,Early Adults,CSTMR0641,MARMARA,OTHER,BURSA,2021/06/15,2021,6,June
22,Standard,Young Adults,CSTMR0642,MARMARA,MALE,KOCAELI,2023/01/22,2023,1,January
43,Standard,Middle Adults,CSTMR0643,MARMARA,FEMALE,ISTANBUL,2022/05/25,2022,5,May
50,VIP,Late Adults,CSTMR0644,MARMARA,FEMALE,ISTANBUL,2020/10/22,2020,10,October
21,VIP,Young Adults,CSTMR0645,AEGEAN,MALE,IZMIR,2021/06/02,2021,6,June
45,Standard,Middle Adults,CSTMR0646,AEGEAN,MALE,IZMIR,2020/03/06,2020,3,March
41,Standard,Middle Adults,CSTMR0647,MARMARA,MALE,BURSA,2021/08/29,2021,8,August
38,Premium,Middle Adults,CSTMR0648,MARMARA,MALE,ISTANBUL,2022/08/02,2022,8,August
43,Standard,Middle Adults,CSTMR0649,CENTRAL ANATOLIA,FEMALE,ANKARA,2022/12/30,2022,12,December
18,Standard,Young Adults,CSTMR0650,MARMARA,FEMALE,BURSA,2021/12/28,2021,12,December
18,Standard,Young Adults,CSTMR0651,CENTRAL ANATOLIA,MALE,ANKARA,2020/04/19,2020,4,April
32,Standard,Early Adults,CSTMR0652,MARMARA,FEMALE,ISTANBUL,2021/10/11,2021,10,October
32,Premium,Early Adults,CSTMR0653,MARMARA,MALE,ISTANBUL,2023/01/14,2023,1,January
40,Standard,Middle Adults,CSTMR0654,MARMARA,MALE,ISTANBUL,2022/02/28,2022,2,February
54,Standard,Late Adults,CSTMR0655,MARMARA,MALE,ISTANBUL,2021/04/30,2021,4,April
41,Premium,Middle Adults,CSTMR0656,MARMARA,FEMALE,ISTANBUL,2023/02/09,2023,2,February
41,Standard,Middle Adults,CSTMR0657,MARMARA,FEMALE,BURSA,2020/04/15,2020,4,April
37,Premium,Middle Adults,CSTMR0658,MARMARA,MALE,ISTANBUL,2023/01/17,2023,1,January
43,Standard,Middle Adults,CSTMR0659,MARMARA,FEMALE,ISTANBUL,2022/10/04,2022,10,October
42,Standard,Middle Adults,CSTMR0660,CENTRAL ANATOLIA,FEMALE,ANKARA,2020/02/09,2020,2,February
58,Standard,Late Adults,CSTMR0661,MARMARA,MALE,KOCAELI,2022/11/27,2022,11,November
37,Premium,Middle Adults,CSTMR0662,CENTRAL ANATOLIA,FEMALE,ANKARA,2022/11/07,2022,11,November
43,Standard,Middle Adults,CSTMR0663,CENTRAL ANATOLIA,MALE,ESKISEHIR,2022/05/26,2022,5,May
18,Premium,Young Adults,CSTMR0664,AEGEAN,MALE,IZMIR,2022/10/13,2022,10,October
42,Standard,Middle Adults,CSTMR0665,MEDITERRANEAN,MALE,ANTALYA,2022/04/24,2022,4,April
37,Premium,Middle Adults,CSTMR0666,AEGEAN,FEMALE,IZMIR,2020/07/08,2020,7,July
18,VIP,Young Adults,CSTMR0667,CENTRAL ANATOLIA,MALE,ESKISEHIR,2021/08/30,2021,8,August
34,Standard,Early Adults,CSTMR0668,AEGEAN,MALE,IZMIR,2020/07/03,2020,7,July
52,Standard,Late Adults,CSTMR0669,AEGEAN,MALE,IZMIR,2020/03/11,2020,3,March
27,Standard,Early Adults,CSTMR0670,MARMARA,MALE,ISTANBUL,2022/01/31,2022,1,January
46,Standard,Late Adults,CSTMR0671,AEGEAN,FEMALE,IZMIR,2020/10/02,2020,10,October
54,Standard,Late Adults,CSTMR0672,MARMARA,FEMALE,ISTANBUL,2022/06/29,2022,6,June
39,Standard,Middle Adults,CSTMR0673,MEDITERRANEAN,MALE,ANTALYA,2023/02/08,2023,2,February
44,Standard,Middle Adults,CSTMR0674,MARMARA,MALE,BURSA,2022/05/06,2022,5,May
31,Premium,Early Adults,CSTMR0675,CENTRAL ANATOLIA,MALE,ANKARA,2022/02/19,2022,2,February
54,Premium,Late Adults,CSTMR0676,MARMARA,MALE,ISTANBUL,2022/04/28,2022,4,April
38,Standard,Middle Adults,CSTMR0677,MARMARA,MALE,KOCAELI,2021/04/15,2021,4,April
48,Standard,Late Adults,CSTMR0678,CENTRAL ANATOLIA,MALE,ANKARA,2021/10/10,2021,10,October
37,Standard,Middle Adults,CSTMR0679,MARMARA,MALE,ISTANBUL,2020/05/19,2020,5,May
32,Premium,Early Adults,CSTMR0680,AEGEAN,MALE,IZMIR,2020/03/12,2020,3,March
22,Premium,Young Adults,CSTMR0681,MARMARA,FEMALE,ISTANBUL,2021/09/06,2021,9,September
43,Premium,Middle Adults,CSTMR0682,MARMARA,MALE,ISTANBUL,2022/02/01,2022,2,February
35,Standard,Early Adults,CSTMR0683,MARMARA,MALE,ISTANBUL,2021/07/05,2021,7,July
45,Standard,Middle Adults,CSTMR0684,CENTRAL ANATOLIA,FEMALE,ANKARA,2020/08/14,2020,8,August
23,Premium,Young Adults,CSTMR0685,MARMARA,FEMALE,ISTANBUL,2022/05/20,2022,5,May
25,VIP,Young Adults,CSTMR0686,AEGEAN,MALE,IZMIR,2022/11/17,2022,11,November
41,Premium,Middle Adults,CSTMR0687,MARMARA,FEMALE,ISTANBUL,2020/02/27,2020,2,February
44,Standard,Middle Adults,CSTMR0688,MARMARA,OTHER,KOCAELI,2021/11/30,2021,11,November
30,VIP,Early Adults,CSTMR0689,MARMARA,FEMALE,BURSA,2022/06/15,2022,6,June
35,Standard,Early Adults,CSTMR0690,MARMARA,FEMALE,KOCAELI,2021/04/04,2021,4,April
24,Standard,Young Adults,CSTMR0691,MEDITERRANEAN,MALE,ANTALYA,2021/06/20,2021,6,June
41,Premium,Middle Adults,CSTMR0692,MARMARA,MALE,ISTANBUL,2021/09/21,2021,9,September
43,VIP,Middle Adults,CSTMR0693,CENTRAL ANATOLIA,FEMALE,ESKISEHIR,2022/10/25,2022,10,October
56,Premium,Late Adults,CSTMR0694,CENTRAL ANATOLIA,FEMALE,ANKARA,2023/01/04,2023,1,January
18,Standard,Young Adults,CSTMR0695,CENTRAL ANATOLIA,MALE,ESKISEHIR,2022/05/01,2022,5,May
19,Standard,Young Adults,CSTMR0696,MARMARA,FEMALE,ISTANBUL,2021/01/02,2021,1,January
31,Premium,Early Adults,CSTMR0697,MARMARA,FEMALE,BURSA,2021/09/19,2021,9,September
25,VIP,Young Adults,CSTMR0698,MARMARA,MALE,KOCAELI,2020/10/20,2020,10,October
42,Standard,Middle Adults,CSTMR0699,AEGEAN,FEMALE,IZMIR,2022/09/10,2022,9,September
30,Standard,Early Adults,CSTMR0700,CENTRAL ANATOLIA,FEMALE,ESKISEHIR,2023/02/09,2023,2,February
27,Premium,Early Adults,CSTMR0701,CENTRAL ANATOLIA,MALE,ANKARA,2022/05/21,2022,5,May
40,Standard,Middle Adults,CSTMR0702,MARMARA,MALE,BURSA,2020/12/10,2020,12,December
47,Standard,Late Adults,CSTMR0703,MARMARA,FEMALE,ISTANBUL,2020/11/06,2020,11,November
29,Premium,Early Adults,CSTMR0704,AEGEAN,MALE,IZMIR,2021/07/08,2021,7,July
48,Standard,Late Adults,CSTMR0705,CENTRAL ANATOLIA,FEMALE,ANKARA,2020/04/17,2020,4,April
56,Premium,Late Adults,CSTMR0706,AEGEAN,MALE,IZMIR,2022/08/17,2022,8,August
37,Premium,Middle Adults,CSTMR0707,MARMARA,FEMALE,ISTANBUL,2021/06/26,2021,6,June
43,Standard,Middle Adults,CSTMR0708,MARMARA,OTHER,BURSA,2021/07/05,2021,7,July
42,Standard,Middle Adults,CSTMR0709,CENTRAL ANATOLIA,FEMALE,ESKISEHIR,2020/01/22,2020,1,January
28,Standard,Early Adults,CSTMR0710,MARMARA,MALE,BURSA,2021/06/12,2021,6,June
32,Standard,Early Adults,CSTMR0711,CENTRAL ANATOLIA,FEMALE,ESKISEHIR,2020/06/11,2020,6,June
50,Standard,Late Adults,CSTMR0712,CENTRAL ANATOLIA,FEMALE,ANKARA,2020/09/25,2020,9,September
40,Standard,Middle Adults,CSTMR0713,MARMARA,MALE,KOCAELI,2020/01/26,2020,1,January
43,VIP,Middle Adults,CSTMR0714,MARMARA,MALE,ISTANBUL,2021/07/24,2021,7,July
58,Standard,Late Adults,CSTMR0715,MARMARA,FEMALE,ISTANBUL,2021/01/18,2021,1,January
43,Standard,Middle Adults,CSTMR0716,CENTRAL ANATOLIA,MALE,ANKARA,2022/01/20,2022,1,January
46,Standard,Late Adults,CSTMR0717,MARMARA,FEMALE,BURSA,2021/07/03,2021,7,July
18,Standard,Young Adults,CSTMR0718,MARMARA,OTHER,BURSA,2020/12/28,2020,12,December
40,Standard,Middle Adults,CSTMR0719,MARMARA,FEMALE,KOCAELI,2022/05/29,2022,5,May
57,Standard,Late Adults,CSTMR0720,AEGEAN,MALE,IZMIR,2022/01/01,2022,1,January
39,Standard,Middle Adults,CSTMR0721,AEGEAN,FEMALE,AYDIN,2022/02/09,2022,2,February
19,Premium,Young Adults,CSTMR0722,AEGEAN,FEMALE,AYDIN,2020/07/19,2020,7,July
37,Standard,Middle Adults,CSTMR0723,MARMARA,MALE,BURSA,2023/02/22,2023,2,February
30,Premium,Early Adults,CSTMR0724,CENTRAL ANATOLIA,FEMALE,ANKARA,2021/10/19,2021,10,October
24,Standard,Young Adults,CSTMR0725,CENTRAL ANATOLIA,MALE,ESKISEHIR,2021/10/24,2021,10,October
18,Premium,Young Adults,CSTMR0726,CENTRAL ANATOLIA,FEMALE,ANKARA,2021/05/08,2021,5,May
18,VIP,Young Adults,CSTMR0727,MARMARA,FEMALE,ISTANBUL,2021/08/30,2021,8,August
38,Standard,Middle Adults,CSTMR0728,MARMARA,FEMALE,ISTANBUL,2021/10/01,2021,10,October
36,Premium,Middle Adults,CSTMR0729,AEGEAN,MALE,AYDIN,2021/02/19,2021,2,February
43,Standard,Middle Adults,CSTMR0730,MEDITERRANEAN,MALE,ANTALYA,2020/05/29,2020,5,May
57,Standard,Late Adults,CSTMR0731,AEGEAN,FEMALE,IZMIR,2020/04/22,2020,4,April
50,Standard,Late Adults,CSTMR0732,MARMARA,FEMALE,ISTANBUL,2020/05/04,2020,5,May
18,Premium,Young Adults,CSTMR0733,MARMARA,FEMALE,ISTANBUL,2021/01/02,2021,1,January
53,Standard,Late Adults,CSTMR0734,AEGEAN,FEMALE,AYDIN,2021/08/28,2021,8,August
50,Premium,Late Adults,CSTMR0735,MARMARA,FEMALE,ISTANBUL,2020/04/08,2020,4,April
57,Standard,Late Adults,CSTMR0736,MEDITERRANEAN,FEMALE,ANTALYA,2022/06/21,2022,6,June
30,Premium,Early Adults,CSTMR0737,MARMARA,FEMALE,ISTANBUL,2020/08/28,2020,8,August
36,Premium,Middle Adults,CSTMR0738,AEGEAN,FEMALE,AYDIN,2021/10/17,2021,10,October
36,Standard,Middle Adults,CSTMR0739,AEGEAN,FEMALE,IZMIR,2022/09/25,2022,9,September
37,VIP,Middle Adults,CSTMR0740,MARMARA,FEMALE,KOCAELI,2021/08/13,2021,8,August
48,Standard,Late Adults,CSTMR0741,MARMARA,FEMALE,ISTANBUL,2020/01/12,2020,1,January
18,Premium,Young Adults,CSTMR0742,MARMARA,FEMALE,ISTANBUL,2021/09/04,2021,9,September
18,Standard,Young Adults,CSTMR0743,CENTRAL ANATOLIA,FEMALE,ANKARA,2022/07/14,2022,7,July
30,Premium,Early Adults,CSTMR0744,AEGEAN,MALE,IZMIR,2023/02/21,2023,2,February
61,Premium,Older Adults,CSTMR0745,AEGEAN,MALE,IZMIR,2021/04/05,2021,4,April
36,Premium,Middle Adults,CSTMR0746,CENTRAL ANATOLIA,MALE,ANKARA,2022/10/08,2022,10,October
25,Standard,Young Adults,CSTMR0747,MARMARA,FEMALE,ISTANBUL,2023/03/15,2023,3,March
18,Standard,Young Adults,CSTMR0748,MARMARA,MALE,BURSA,2021/04/15,2021,4,April
22,Standard,Young Adults,CSTMR0749,MARMARA,FEMALE,ISTANBUL,2022/07/10,2022,7,July
24,Standard,Young Adults,CSTMR0750,AEGEAN,FEMALE,IZMIR,2021/03/16,2021,3,March
43,Standard,Middle Adults,CSTMR0751,MARMARA,OTHER,ISTANBUL,2022/09/15,2022,9,September
62,Standard,Older Adults,CSTMR0752,MARMARA,FEMALE,BURSA,2020/05/14,2020,5,May
52,Standard,Late Adults,CSTMR0753,MARMARA,FEMALE,KOCAELI,2021/02/18,2021,2,February
29,Standard,Early Adults,CSTMR0754,AEGEAN,FEMALE,IZMIR,2023/03/07,2023,3,March
51,Standard,Late Adults,CSTMR0755,MARMARA,FEMALE,ISTANBUL,2020/09/01,2020,9,September
40,Standard,Middle Adults,CSTMR0756,MARMARA,MALE,ISTANBUL,2020/06/12,2020,6,June
26,Standard,Early Adults,CSTMR0757,CENTRAL ANATOLIA,FEMALE,ANKARA,2023/02/05,2023,2,February
29,Standard,Early Adults,CSTMR0758,MARMARA,FEMALE,ISTANBUL,2021/05/07,2021,5,May
46,Standard,Late Adults,CSTMR0759,MARMARA,MALE,ISTANBUL,2022/10/12,2022,10,October
37,Standard,Middle Adults,CSTMR0760,MARMARA,MALE,ISTANBUL,2020/03/07,2020,3,March
27,Standard,Early Adults,CSTMR0761,MARMARA,FEMALE,KOCAELI,2020/12/01,2020,12,December
52,Standard,Late Adults,CSTMR0762,MARMARA,FEMALE,ISTANBUL,2021/05/19,2021,5,May
25,Premium,Young Adults,CSTMR0763,MARMARA,MALE,KOCAELI,2022/11/07,2022,11,November
60,Standard,Late Adults,CSTMR0764,MARMARA,MALE,BURSA,2021/06/10,2021,6,June
38,Standard,Middle Adults,CSTMR0765,MARMARA,MALE,ISTANBUL,2022/04/25,2022,4,April
72,Standard,Older Adults,CSTMR0766,CENTRAL ANATOLIA,FEMALE,ANKARA,2020/11/09,2020,11,November
26,Premium,Early Adults,CSTMR0767,MARMARA,OTHER,KOCAELI,2022/04/27,2022,4,April
50,VIP,Late Adults,CSTMR0768,MARMARA,MALE,ISTANBUL,2022/07/29,2022,7,July
27,Standard,Early Adults,CSTMR0769,AEGEAN,FEMALE,IZMIR,2023/02/01,2023,2,February
29,Premium,Early Adults,CSTMR0770,MARMARA,FEMALE,ISTANBUL,2021/01/30,2021,1,January
18,Standard,Young Adults,CSTMR0771,MARMARA,FEMALE,ISTANBUL,2021/11/11,2021,11,November
46,Standard,Late Adults,CSTMR0772,MARMARA,MALE,ISTANBUL,2021/01/06,2021,1,January
45,Standard,Middle Adults,CSTMR0773,MARMARA,MALE,ISTANBUL,2022/02/23,2022,2,February
34,VIP,Early Adults,CSTMR0774,MARMARA,MALE,ISTANBUL,2022/03/10,2022,3,March
45,Standard,Middle Adults,CSTMR0775,MARMARA,FEMALE,ISTANBUL,2022/04/16,2022,4,April
71,Standard,Older Adults,CSTMR0776,MARMARA,FEMALE,ISTANBUL,2022/07/28,2022,7,July
37,Standard,Middle Adults,CSTMR0777,MARMARA,OTHER,KOCAELI,2021/06/11,2021,6,June
41,Standard,Middle Adults,CSTMR0778,CENTRAL ANATOLIA,FEMALE,ANKARA,2020/02/27,2020,2,February
51,Premium,Late Adults,CSTMR0779,AEGEAN,FEMALE,IZMIR,2023/02/09,2023,2,February
37,Premium,Middle Adults,CSTMR0780,MARMARA,MALE,ISTANBUL,2020/07/30,2020,7,July
37,Premium,Middle Adults,CSTMR0781,AEGEAN,MALE,AYDIN,2021/11/15,2021,11,November
51,Premium,Late Adults,CSTMR0782,CENTRAL ANATOLIA,MALE,ANKARA,2020/02/21,2020,2,February
29,Standard,Early Adults,CSTMR0783,AEGEAN,FEMALE,IZMIR,2022/05/07,2022,5,May
29,Premium,Early Adults,CSTMR0784,AEGEAN,MALE,IZMIR,2022/07/12,2022,7,July
28,Standard,Early Adults,CSTMR0785,MARMARA,MALE,ISTANBUL,2022/01/12,2022,1,January
37,Standard,Middle Adults,CSTMR0786,MARMARA,FEMALE,KOCAELI,2022/06/20,2022,6,June
48,Standard,Late Adults,CSTMR0787,CENTRAL ANATOLIA,MALE,ANKARA,2020/02/21,2020,2,February
40,VIP,Middle Adults,CSTMR0788,AEGEAN,FEMALE,IZMIR,2021/10/13,2021,10,October
25,Premium,Young Adults,CSTMR0789,AEGEAN,MALE,IZMIR,2023/01/03,2023,1,January
52,Standard,Late Adults,CSTMR0790,MARMARA,FEMALE,ISTANBUL,2021/04/03,2021,4,April
36,Standard,Middle Adults,CSTMR0791,MARMARA,MALE,ISTANBUL,2022/05/14,2022,5,May
42,Standard,Middle Adults,CSTMR0792,AEGEAN,FEMALE,IZMIR,2020/09/29,2020,9,September
41,Standard,Middle Adults,CSTMR0793,MARMARA,MALE,ISTANBUL,2021/05/21,2021,5,May
37,Standard,Middle Adults,CSTMR0794,AEGEAN,FEMALE,IZMIR,2021/02/25,2021,2,February
30,Premium,Early Adults,CSTMR0795,MARMARA,FEMALE,ISTANBUL,2020/11/25,2020,11,November
42,Standard,Middle Adults,CSTMR0796,AEGEAN,MALE,IZMIR,2022/01/11,2022,1,January
43,Standard,Middle Adults,CSTMR0797,MARMARA,FEMALE,ISTANBUL,2021/10/05,2021,10,October
26,Standard,Early Adults,CSTMR0798,AEGEAN,FEMALE,IZMIR,2021/04/22,2021,4,April
34,Standard,Early Adults,CSTMR0799,MARMARA,FEMALE,ISTANBUL,2022/01/25,2022,1,January
31,Standard,Early Adults,CSTMR0800,CENTRAL ANATOLIA,FEMALE,ESKISEHIR,2023/03/25,2023,3,March
35,Standard,Early Adults,CSTMR0801,AEGEAN,FEMALE,IZMIR,2020/10/30,2020,10,October
24,Standard,Young Adults,CSTMR0802,MARMARA,FEMALE,KOCAELI,2021/06/25,2021,6,June
51,Premium,Late Adults,CSTMR0803,CENTRAL ANATOLIA,FEMALE,ANKARA,2021/11/23,2021,11,November
43,Standard,Middle Adults,CSTMR0804,MARMARA,FEMALE,ISTANBUL,2021/08/21,2021,8,August
53,Standard,Late Adults,CSTMR0805,MARMARA,OTHER,BURSA,2021/08/29,2021,8,August
43,VIP,Middle Adults,CSTMR0806,CENTRAL ANATOLIA,FEMALE,ESKISEHIR,2022/05/11,2022,5,May
29,Standard,Early Adults,CSTMR0807,MARMARA,FEMALE,BURSA,2020/06/20,2020,6,June
33,Standard,Early Adults,CSTMR0808,CENTRAL ANATOLIA,FEMALE,ESKISEHIR,2021/02/25,2021,2,February
41,Standard,Middle Adults,CSTMR0809,MARMARA,FEMALE,BURSA,2021/08/27,2021,8,August
52,Standard,Late Adults,CSTMR0810,MEDITERRANEAN,FEMALE,ANTALYA,2022/11/14,2022,11,November
44,Premium,Middle Adults,CSTMR0811,MARMARA,FEMALE,ISTANBUL,2020/08/11,2020,8,August
33,Premium,Early Adults,CSTMR0812,AEGEAN,MALE,IZMIR,2021/03/04,2021,3,March
29,Standard,Early Adults,CSTMR0813,CENTRAL ANATOLIA,FEMALE,ANKARA,2022/06/08,2022,6,June
48,Standard,Late Adults,CSTMR0814,MARMARA,FEMALE,ISTANBUL,2022/02/16,2022,2,February
36,Standard,Middle Adults,CSTMR0815,MARMARA,MALE,KOCAELI,2023/03/16,2023,3,March
31,Standard,Early Adults,CSTMR0816,MARMARA,MALE,ISTANBUL,2020/06/23,2020,6,June
39,VIP,Middle Adults,CSTMR0817,AEGEAN,MALE,IZMIR,2020/09/01,2020,9,September
29,Premium,Early Adults,CSTMR0818,MARMARA,MALE,ISTANBUL,2020/01/15,2020,1,January
38,Premium,Middle Adults,CSTMR0819,MARMARA,MALE,BURSA,2020/09/22,2020,9,September
49,Standard,Late Adults,CSTMR0820,MARMARA,FEMALE,ISTANBUL,2020/11/01,2020,11,November
38,Premium,Middle Adults,CSTMR0821,MARMARA,FEMALE,ISTANBUL,2022/07/06,2022,7,July
25,Standard,Young Adults,CSTMR0822,AEGEAN,FEMALE,AYDIN,2022/11/14,2022,11,November
28,Standard,Early Adults,CSTMR0823,MARMARA,MALE,ISTANBUL,2023/01/20,2023,1,January
39,Standard,Middle Adults,CSTMR0824,MARMARA,MALE,KOCAELI,2020/08/19,2020,8,August
44,Standard,Middle Adults,CSTMR0825,MARMARA,FEMALE,ISTANBUL,2021/04/03,2021,4,April
38,Standard,Middle Adults,CSTMR0826,MARMARA,FEMALE,ISTANBUL,2021/01/01,2021,1,January
34,Standard,Early Adults,CSTMR0827,CENTRAL ANATOLIA,FEMALE,ANKARA,2022/08/30,2022,8,August
28,Premium,Early Adults,CSTMR0828,CENTRAL ANATOLIA,FEMALE,ANKARA,2020/04/02,2020,4,April
65,Premium,Older Adults,CSTMR0829,AEGEAN,FEMALE,AYDIN,2021/12/26,2021,12,December
35,Premium,Early Adults,CSTMR0830,MARMARA,FEMALE,ISTANBUL,2021/03/14,2021,3,March
42,Premium,Middle Adults,CSTMR0831,MARMARA,FEMALE,ISTANBUL,2023/02/23,2023,2,February
18,Standard,Young Adults,CSTMR0832,MARMARA,MALE,ISTANBUL,2023/04/06,2023,4,April
39,Standard,Middle Adults,CSTMR0833,MARMARA,FEMALE,ISTANBUL,2021/02/22,2021,2,February
38,VIP,Middle Adults,CSTMR0834,MARMARA,MALE,ISTANBUL,2020/08/01,2020,8,August
54,VIP,Late Adults,CSTMR0835,MARMARA,MALE,KOCAELI,2022/07/07,2022,7,July
23,Standard,Young Adults,CSTMR0836,MARMARA,FEMALE,ISTANBUL,2020/11/08,2020,11,November
31,Standard,Early Adults,CSTMR0837,MARMARA,MALE,KOCAELI,2020/12/05,2020,12,December
46,Premium,Late Adults,CSTMR0838,CENTRAL ANATOLIA,MALE,ANKARA,2021/06/16,2021,6,June
24,Premium,Young Adults,CSTMR0839,MARMARA,FEMALE,ISTANBUL,2021/09/20,2021,9,September
37,Standard,Middle Adults,CSTMR0840,MARMARA,FEMALE,ISTANBUL,2020/02/27,2020,2,February
49,Standard,Late Adults,CSTMR0841,MARMARA,MALE,ISTANBUL,2022/04/13,2022,4,April
27,Standard,Early Adults,CSTMR0842,MARMARA,MALE,KOCAELI,2020/05/25,2020,5,May
33,Premium,Early Adults,CSTMR0843,AEGEAN,FEMALE,IZMIR,2020/06/01,2020,6,June
31,Premium,Early Adults,CSTMR0844,AEGEAN,FEMALE,IZMIR,2020/12/10,2020,12,December
43,Standard,Middle Adults,CSTMR0845,MARMARA,MALE,ISTANBUL,2022/04/20,2022,4,April
52,Standard,Late Adults,CSTMR0846,MARMARA,FEMALE,ISTANBUL,2022/05/21,2022,5,May
63,Standard,Older Adults,CSTMR0847,MARMARA,FEMALE,BURSA,2022/05/22,2022,5,May
53,Standard,Late Adults,CSTMR0848,MARMARA,MALE,ISTANBUL,2021/06/25,2021,6,June
18,VIP,Young Adults,CSTMR0849,CENTRAL ANATOLIA,MALE,ANKARA,2021/09/12,2021,9,September
55,Standard,Late Adults,CSTMR0850,MARMARA,FEMALE,ISTANBUL,2022/12/28,2022,12,December
53,Standard,Late Adults,CSTMR0851,MEDITERRANEAN,MALE,ANTALYA,2022/07/26,2022,7,July
51,Standard,Late Adults,CSTMR0852,MARMARA,FEMALE,ISTANBUL,2020/03/07,2020,3,March
34,Premium,Early Adults,CSTMR0853,MARMARA,MALE,ISTANBUL,2023/02/04,2023,2,February
43,Standard,Middle Adults,CSTMR0854,MARMARA,MALE,ISTANBUL,2020/03/13,2020,3,March
21,Standard,Young Adults,CSTMR0855,MEDITERRANEAN,FEMALE,ADANA,2023/03/20,2023,3,March
33,VIP,Early Adults,CSTMR0856,CENTRAL ANATOLIA,MALE,ESKISEHIR,2022/04/01,2022,4,April
26,Premium,Early Adults,CSTMR0857,AEGEAN,FEMALE,IZMIR,2022/11/02,2022,11,November
34,Standard,Early Adults,CSTMR0858,AEGEAN,FEMALE,AYDIN,2021/11/28,2021,11,November
50,Standard,Late Adults,CSTMR0859,MARMARA,FEMALE,BURSA,2022/08/13,2022,8,August
20,Premium,Young Adults,CSTMR0860,CENTRAL ANATOLIA,MALE,ANKARA,2020/08/03,2020,8,August
51,Standard,Late Adults,CSTMR0861,MARMARA,MALE,ISTANBUL,2022/05/19,2022,5,May
29,Standard,Early Adults,CSTMR0862,CENTRAL ANATOLIA,MALE,ANKARA,2023/03/13,2023,3,March
28,Premium,Early Adults,CSTMR0863,CENTRAL ANATOLIA,MALE,ANKARA,2020/06/21,2020,6,June
24,VIP,Young Adults,CSTMR0864,CENTRAL ANATOLIA,MALE,ANKARA,2021/06/01,2021,6,June
24,Standard,Young Adults,CSTMR0865,MARMARA,FEMALE,KOCAELI,2023/03/21,2023,3,March
52,Standard,Late Adults,CSTMR0866,MARMARA,FEMALE,ISTANBUL,2022/06/17,2022,6,June
28,VIP,Early Adults,CSTMR0867,AEGEAN,MALE,IZMIR,2022/06/04,2022,6,June
36,VIP,Middle Adults,CSTMR0868,MARMARA,MALE,ISTANBUL,2022/12/18,2022,12,December
28,Standard,Early Adults,CSTMR0869,AEGEAN,MALE,IZMIR,2022/11/24,2022,11,November
40,Standard,Middle Adults,CSTMR0870,MARMARA,MALE,ISTANBUL,2020/09/10,2020,9,September
44,Standard,Middle Adults,CSTMR0871,AEGEAN,MALE,IZMIR,2021/07/28,2021,7,July
49,VIP,Late Adults,CSTMR0872,AEGEAN,MALE,IZMIR,2020/08/11,2020,8,August
28,Standard,Early Adults,CSTMR0873,AEGEAN,FEMALE,AYDIN,2021/02/18,2021,2,February
18,Standard,Young Adults,CSTMR0874,MARMARA,FEMALE,ISTANBUL,2022/12/09,2022,12,December
35,Standard,Early Adults,CSTMR0875,CENTRAL ANATOLIA,FEMALE,ANKARA,2020/09/03,2020,9,September
31,Standard,Early Adults,CSTMR0876,MEDITERRANEAN,OTHER,ANTALYA,2022/09/10,2022,9,September
40,Premium,Middle Adults,CSTMR0877,MARMARA,FEMALE,ISTANBUL,2023/10/01,2023,10,October
18,Standard,Young Adults,CSTMR0878,MARMARA,FEMALE,KOCAELI,2022/03/02,2022,3,March
30,Standard,Early Adults,CSTMR0879,MARMARA,FEMALE,BURSA,2023/01/22,2023,1,January
18,Premium,Young Adults,CSTMR0880,CENTRAL ANATOLIA,MALE,ANKARA,2020/10/17,2020,10,October
27,Standard,Early Adults,CSTMR0881,MARMARA,MALE,ISTANBUL,2021/05/17,2021,5,May
42,Standard,Middle Adults,CSTMR0882,MARMARA,OTHER,ISTANBUL,2021/08/15,2021,8,August
35,Standard,Early Adults,CSTMR0883,MARMARA,MALE,ISTANBUL,2021/12/09,2021,12,December
45,Premium,Middle Adults,CSTMR0884,AEGEAN,FEMALE,IZMIR,2022/04/11,2022,4,April
47,Standard,Late Adults,CSTMR0885,CENTRAL ANATOLIA,MALE,ANKARA,2020/11/22,2020,11,November
48,Standard,Late Adults,CSTMR0886,MARMARA,FEMALE,ISTANBUL,2020/05/04,2020,5,May
55,Standard,Late Adults,CSTMR0887,MARMARA,MALE,ISTANBUL,2020/08/15,2020,8,August
47,Premium,Late Adults,CSTMR0888,MARMARA,FEMALE,ISTANBUL,2022/05/23,2022,5,May
36,Standard,Middle Adults,CSTMR0889,AEGEAN,MALE,AYDIN,2020/06/19,2020,6,June
28,Standard,Early Adults,CSTMR0890,CENTRAL ANATOLIA,MALE,ANKARA,2022/07/07,2022,7,July
31,Premium,Early Adults,CSTMR0891,CENTRAL ANATOLIA,OTHER,ANKARA,2020/05/25,2020,5,May
38,Standard,Middle Adults,CSTMR0892,MARMARA,MALE,ISTANBUL,2020/07/11,2020,7,July
33,Standard,Early Adults,CSTMR0893,MARMARA,FEMALE,KOCAELI,2021/06/04,2021,6,June
45,VIP,Middle Adults,CSTMR0894,MARMARA,FEMALE,ISTANBUL,2021/11/21,2021,11,November
21,Standard,Young Adults,CSTMR0895,MARMARA,FEMALE,BURSA,2022/08/08,2022,8,August
39,Standard,Middle Adults,CSTMR0896,MARMARA,MALE,BURSA,2021/04/03,2021,4,April
29,VIP,Early Adults,CSTMR0897,MEDITERRANEAN,MALE,ANTALYA,2020/04/21,2020,4,April
34,Premium,Early Adults,CSTMR0898,MARMARA,FEMALE,ISTANBUL,2021/04/15,2021,4,April
41,Premium,Middle Adults,CSTMR0899,MARMARA,FEMALE,ISTANBUL,2023/02/11,2023,2,February
27,Standard,Early Adults,CSTMR0900,MARMARA,MALE,KOCAELI,2020/11/16,2020,11,November
35,Premium,Early Adults,CSTMR0901,CENTRAL ANATOLIA,MALE,ANKARA,2021/06/21,2021,6,June
40,Premium,Middle Adults,CSTMR0902,MEDITERRANEAN,FEMALE,ANTALYA,2020/06/19,2020,6,June
38,Standard,Middle Adults,CSTMR0903,MARMARA,FEMALE,KOCAELI,2023/03/31,2023,3,March
40,Premium,Middle Adults,CSTMR0904,MARMARA,MALE,KOCAELI,2020/11/22,2020,11,November
35,Premium,Early Adults,CSTMR0905,CENTRAL ANATOLIA,MALE,ANKARA,2023/03/19,2023,3,March
21,Premium,Young Adults,CSTMR0906,MARMARA,FEMALE,ISTANBUL,2021/05/15,2021,5,May
30,VIP,Early Adults,CSTMR0907,MEDITERRANEAN,MALE,ANTALYA,2021/04/05,2021,4,April
31,Premium,Early Adults,CSTMR0908,MARMARA,MALE,BURSA,2022/09/01,2022,9,September
42,Standard,Middle Adults,CSTMR0909,MARMARA,OTHER,KOCAELI,2022/04/27,2022,4,April
30,Premium,Early Adults,CSTMR0910,CENTRAL ANATOLIA,MALE,ANKARA,2023/03/23,2023,3,March
28,Premium,Early Adults,CSTMR0911,MARMARA,MALE,KOCAELI,2021/05/08,2021,5,May
63,Standard,Older Adults,CSTMR0912,CENTRAL ANATOLIA,FEMALE,ANKARA,2021/08/09,2021,8,August
21,Standard,Young Adults,CSTMR0913,MARMARA,MALE,ISTANBUL,2020/08/13,2020,8,August
53,Standard,Late Adults,CSTMR0914,MARMARA,FEMALE,ISTANBUL,2023/01/25,2023,1,January
49,Premium,Late Adults,CSTMR0915,AEGEAN,MALE,IZMIR,2021/07/06,2021,7,July
21,Standard,Young Adults,CSTMR0916,AEGEAN,MALE,AYDIN,2020/07/05,2020,7,July
53,Premium,Late Adults,CSTMR0917,MARMARA,MALE,ISTANBUL,2021/03/22,2021,3,March
24,Standard,Young Adults,CSTMR0918,AEGEAN,FEMALE,AYDIN,2020/06/24,2020,6,June
31,Standard,Early Adults,CSTMR0919,CENTRAL ANATOLIA,FEMALE,ESKISEHIR,2023/02/27,2023,2,February
34,Standard,Early Adults,CSTMR0920,CENTRAL ANATOLIA,MALE,ANKARA,2022/04/15,2022,4,April
41,Premium,Middle Adults,CSTMR0921,CENTRAL ANATOLIA,FEMALE,ESKISEHIR,2020/05/31,2020,5,May
57,Standard,Late Adults,CSTMR0922,AEGEAN,MALE,AYDIN,2020/04/10,2020,4,April
38,Standard,Middle Adults,CSTMR0923,AEGEAN,MALE,IZMIR,2021/12/07,2021,12,December
35,Premium,Early Adults,CSTMR0924,MARMARA,FEMALE,ISTANBUL,2022/09/14,2022,9,September
36,Premium,Middle Adults,CSTMR0925,MARMARA,MALE,ISTANBUL,2020/04/01,2020,4,April
47,Standard,Late Adults,CSTMR0926,MARMARA,MALE,ISTANBUL,2022/03/20,2022,3,March
18,Standard,Young Adults,CSTMR0927,AEGEAN,MALE,AYDIN,2022/12/08,2022,12,December
30,Premium,Early Adults,CSTMR0928,CENTRAL ANATOLIA,MALE,ANKARA,2022/12/05,2022,12,December
34,Standard,Early Adults,CSTMR0929,MARMARA,MALE,ISTANBUL,2023/02/15,2023,2,February
51,Standard,Late Adults,CSTMR0930,CENTRAL ANATOLIA,MALE,ANKARA,2022/09/05,2022,9,September
24,Standard,Young Adults,CSTMR0931,MARMARA,MALE,ISTANBUL,2020/07/17,2020,7,July
45,Premium,Middle Adults,CSTMR0932,MARMARA,OTHER,BURSA,2022/08/20,2022,8,August
36,Standard,Middle Adults,CSTMR0933,MARMARA,OTHER,KOCAELI,2023/03/09,2023,3,March
44,Standard,Middle Adults,CSTMR0934,AEGEAN,FEMALE,IZMIR,2022/06/12,2022,6,June
47,Premium,Late Adults,CSTMR0935,CENTRAL ANATOLIA,FEMALE,ANKARA,2020/05/09,2020,5,May
23,Standard,Young Adults,CSTMR0936,AEGEAN,MALE,IZMIR,2020/03/18,2020,3,March
31,Premium,Early Adults,CSTMR0937,CENTRAL ANATOLIA,FEMALE,ESKISEHIR,2020/10/04,2020,10,October
40,Standard,Middle Adults,CSTMR0938,AEGEAN,FEMALE,IZMIR,2022/10/12,2022,10,October
21,Premium,Young Adults,CSTMR0939,CENTRAL ANATOLIA,MALE,ANKARA,2020/12/22,2020,12,December
42,Premium,Middle Adults,CSTMR0940,MARMARA,MALE,ISTANBUL,2020/07/10,2020,7,July
33,Premium,Early Adults,CSTMR0941,MARMARA,MALE,ISTANBUL,2021/12/06,2021,12,December
41,Premium,Middle Adults,CSTMR0942,CENTRAL ANATOLIA,MALE,ANKARA,2021/02/25,2021,2,February
45,Standard,Middle Adults,CSTMR0943,AEGEAN,FEMALE,AYDIN,2020/12/29,2020,12,December
36,Standard,Middle Adults,CSTMR0944,CENTRAL ANATOLIA,FEMALE,ANKARA,2022/08/20,2022,8,August
62,Premium,Older Adults,CSTMR0945,MARMARA,MALE,ISTANBUL,2020/04/15,2020,4,April
53,Premium,Late Adults,CSTMR0946,AEGEAN,MALE,IZMIR,2020/01/19,2020,1,January
22,Standard,Young Adults,CSTMR0947,AEGEAN,FEMALE,IZMIR,2022/06/13,2022,6,June
42,Standard,Middle Adults,CSTMR0948,MARMARA,MALE,ISTANBUL,2021/09/27,2021,9,September
31,Premium,Early Adults,CSTMR0949,MARMARA,MALE,ISTANBUL,2021/04/04,2021,4,April
44,Standard,Middle Adults,CSTMR0950,CENTRAL ANATOLIA,MALE,ANKARA,2022/05/03,2022,5,May
18,VIP,Young Adults,CSTMR0951,AEGEAN,FEMALE,AYDIN,2020/03/26,2020,3,March
38,Standard,Middle Adults,CSTMR0952,MARMARA,MALE,ISTANBUL,2022/12/10,2022,12,December
66,Standard,Older Adults,CSTMR0953,MARMARA,FEMALE,ISTANBUL,2022/03/11,2022,3,March
42,Standard,Middle Adults,CSTMR0954,MARMARA,MALE,ISTANBUL,2020/12/17,2020,12,December
46,Standard,Late Adults,CSTMR0955,MARMARA,FEMALE,BURSA,2020/01/25,2020,1,January
31,Standard,Early Adults,CSTMR0956,MARMARA,FEMALE,ISTANBUL,2020/12/08,2020,12,December
52,Premium,Late Adults,CSTMR0957,MARMARA,FEMALE,ISTANBUL,2022/07/17,2022,7,July
35,Standard,Early Adults,CSTMR0958,CENTRAL ANATOLIA,MALE,ANKARA,2022/10/17,2022,10,October
29,VIP,Early Adults,CSTMR0959,MARMARA,FEMALE,BURSA,2022/06/24,2022,6,June
34,Standard,Early Adults,CSTMR0960,CENTRAL ANATOLIA,MALE,ANKARA,2023/04/02,2023,4,April
52,Premium,Late Adults,CSTMR0961,AEGEAN,MALE,IZMIR,2022/05/11,2022,5,May
38,Standard,Middle Adults,CSTMR0962,MARMARA,FEMALE,ISTANBUL,2022/04/12,2022,4,April
23,Standard,Young Adults,CSTMR0963,MARMARA,MALE,ISTANBUL,2020/03/30,2020,3,March
40,VIP,Middle Adults,CSTMR0964,CENTRAL ANATOLIA,FEMALE,ANKARA,2022/06/16,2022,6,June
54,Premium,Late Adults,CSTMR0965,MARMARA,FEMALE,ISTANBUL,2022/09/23,2022,9,September
18,Premium,Young Adults,CSTMR0966,MARMARA,MALE,ISTANBUL,2023/03/20,2023,3,March
49,Standard,Late Adults,CSTMR0967,AEGEAN,FEMALE,IZMIR,2022/04/24,2022,4,April
35,Premium,Early Adults,CSTMR0968,CENTRAL ANATOLIA,MALE,ANKARA,2022/01/29,2022,1,January
23,Standard,Young Adults,CSTMR0969,MARMARA,FEMALE,ISTANBUL,2021/12/10,2021,12,December
50,Standard,Late Adults,CSTMR0970,AEGEAN,OTHER,IZMIR,2021/02/24,2021,2,February
33,Standard,Early Adults,CSTMR0971,CENTRAL ANATOLIA,FEMALE,ANKARA,2021/04/05,2021,4,April
18,Premium,Young Adults,CSTMR0972,CENTRAL ANATOLIA,MALE,ANKARA,2020/03/08,2020,3,March
19,Premium,Young Adults,CSTMR0973,MARMARA,FEMALE,ISTANBUL,2021/06/07,2021,6,June
27,VIP,Early Adults,CSTMR0974,AEGEAN,FEMALE,IZMIR,2020/08/04,2020,8,August
24,Standard,Young Adults,CSTMR0975,MEDITERRANEAN,MALE,ANTALYA,2022/04/15,2022,4,April
55,Standard,Late Adults,CSTMR0976,AEGEAN,MALE,IZMIR,2023/01/29,2023,1,January
45,Standard,Middle Adults,CSTMR0977,MARMARA,FEMALE,ISTANBUL,2020/06/30,2020,6,June
47,VIP,Late Adults,CSTMR0978,MEDITERRANEAN,MALE,ADANA,2022/04/27,2022,4,April
52,Premium,Late Adults,CSTMR0979,MARMARA,MALE,BURSA,2021/07/26,2021,7,July
32,Standard,Early Adults,CSTMR0980,MARMARA,MALE,KOCAELI,2020/08/13,2020,8,August
24,Standard,Young Adults,CSTMR0981,CENTRAL ANATOLIA,MALE,ANKARA,2021/11/12,2021,11,November
63,Standard,Older Adults,CSTMR0982,MARMARA,MALE,ISTANBUL,2023/04/05,2023,4,April
59,Standard,Late Adults,CSTMR0983,MARMARA,MALE,ISTANBUL,2020/10/20,2020,10,October
47,Standard,Late Adults,CSTMR0984,MARMARA,MALE,ISTANBUL,2022/04/15,2022,4,April
50,Standard,Late Adults,CSTMR0985,MARMARA,MALE,ISTANBUL,2022/07/15,2022,7,July
53,Standard,Late Adults,CSTMR0986,MARMARA,MALE,KOCAELI,2021/11/19,2021,11,November
42,Standard,Middle Adults,CSTMR0987,MARMARA,FEMALE,BURSA,2022/08/17,2022,8,August
41,VIP,Middle Adults,CSTMR0988,CENTRAL ANATOLIA,MALE,ANKARA,2022/05/03,2022,5,May
26,Standard,Early Adults,CSTMR0989,MARMARA,MALE,ISTANBUL,2021/12/08,2021,12,December
35,VIP,Early Adults,CSTMR0990,CENTRAL ANATOLIA,FEMALE,ANKARA,2023/01/12,2023,1,January
18,Premium,Young Adults,CSTMR0991,MARMARA,MALE,BURSA,2020/11/28,2020,11,November
39,Premium,Middle Adults,CSTMR0992,MARMARA,FEMALE,ISTANBUL,2021/02/23,2021,2,February
19,Premium,Young Adults,CSTMR0993,MARMARA,FEMALE,ISTANBUL,2021/08/02,2021,8,August
36,Standard,Middle Adults,CSTMR0994,MARMARA,MALE,ISTANBUL,2022/09/18,2022,9,September
36,Standard,Middle Adults,CSTMR0995,AEGEAN,FEMALE,AYDIN,2023/02/25,2023,2,February
49,Standard,Late Adults,CSTMR0996,AEGEAN,FEMALE,AYDIN,2023/01/06,2023,1,January
36,Premium,Middle Adults,CSTMR0997,AEGEAN,FEMALE,IZMIR,2023/04/09,2023,4,April
24,Standard,Young Adults,CSTMR0998,MARMARA,MALE,ISTANBUL,2022/10/12,2022,10,October
18,Premium,Young Adults,CSTMR0999,MARMARA,MALE,BURSA,2020/09/18,2020,9,September
69,VIP,Older Adults,CSTMR1000,MARMARA,MALE,KOCAELI,2020/04/01,2020,4,April
